product_id,tn,tn_dic_2019
20001,1611.9332093693479,1504.68856
20001,1474.0141942488185,1504.68856
20002,1364.744579991473,1087.30855
20002,1216.6764016643622,1087.30855
20003,1091.9200300525895,892.50129
20003,935.6210018250075,892.50129
20004,898.463680722472,637.90002
20004,790.9811590635227,637.90002
20005,790.6691468187613,593.24443
20005,703.8954291246088,593.24443
20006,511.4402692767622,417.23228
20006,461.2926342137784,417.23228
20007,450.0483448246006,390.43432
20007,410.44909424549246,390.43432
20008,436.8098618304806,195.36854
20008,421.7053797122877,195.36854
20009,516.8378386407875,495.03574000000003
20009,520.8158726463773,495.03574000000003
20010,469.80917258022,359.59998
20010,405.7615380196012,359.59998
20011,399.4533856301595,392.3829
20011,392.09392480414783,392.3829
20012,329.2650717844605,173.13004
20012,338.565891263976,173.13004
20013,441.68132743344756,318.09141
20013,410.798645606395,318.09141
20014,457.80901032197727,272.02812
20014,420.53270789628584,272.02812
20015,419.9952322116141,297.27663
20015,411.50295841542874,297.27663
20016,326.039218559227,273.20202
20016,295.3137819853521,273.20202
20017,295.75185389917743,216.90773
20017,274.6702868319799,216.90773
20018,300.7827944987985,141.63569999999999
20018,277.15004238546834,141.63569999999999
20019,452.85376158610165,351.54708
20019,410.6208874824902,351.54708
20020,272.31394012381793,266.06358
20020,247.55575624870852,266.06358
20021,298.8629210981053,203.76721
20021,258.0566113539432,203.76721
20022,246.28870962767724,210.8346
20022,240.96510636275337,210.8346
20023,369.1864108733432,181.13277
20023,306.47222435780805,181.13277
20024,229.94576870824778,270.45018
20024,206.68259483131564,270.45018
20025,227.0834646439522,241.83432000000002
20025,194.96504047000488,241.83432000000002
20026,269.71837806884923,235.10419
20026,248.92748446680721,235.10419
20027,226.20609097006815,155.25876
20027,237.14767610275857,155.25876
20028,209.551743928418,109.92618
20028,182.85519585050906,109.92618
20029,193.43221926107822,150.64869
20029,168.86053431312877,150.64869
20030,171.2332985303505,102.7572
20030,148.86368853179098,102.7572
20031,177.0176107268694,139.91577
20031,156.36835705804972,139.91577
20033,215.9471191261025,96.76212
20033,186.87493311477346,96.76212
20035,176.93103941682165,179.97912
20035,154.38076082290365,179.97912
20037,107.4302043898943,63.37274
20037,112.38274221831128,63.37274
20038,169.16794064011447,157.68477000000001
20038,160.13234334545626,157.68477000000001
20039,163.83182506868087,128.40394
20039,157.5554079166779,128.40394
20041,164.2377647728303,113.11379
20041,141.13245514971854,113.11379
20042,165.45612006832675,124.20086
20042,163.88855978056012,124.20086
20043,165.02461729268208,93.77222
20043,137.7137483012667,93.77222
20044,176.80540147954517,59.61747
20044,152.18000212651972,59.61747
20045,177.58601194138865,149.89961
20045,157.17709854039262,149.89961
20046,233.45738392843836,149.9563
20046,155.0657823657193,149.9563
20047,153.97362453012565,71.49763
20047,149.2580931481422,71.49763
20050,137.96526022579988,117.02742
20050,121.25821167490226,117.02742
20051,168.15924329870614,132.46038000000001
20051,139.62924577765642,132.46038000000001
20052,129.0965444701049,95.51068
20052,148.21169719881465,95.51068
20053,147.55020568938545,146.36584
20053,145.96135334883178,146.36584
20054,144.24056840300483,121.2091
20054,120.77124884395208,121.2091
20055,128.74128082999263,65.85747
20055,109.58230851481417,65.85747
20056,155.1707684441766,63.7182
20056,117.75412149046862,63.7182
20057,154.64848307774193,141.36774
20057,134.2167813523288,141.36774
20058,125.44789673831757,117.82985
20058,115.09396115355909,117.82985
20059,144.47389177743284,111.51138999999999
20059,125.28460249409986,111.51138999999999
20061,140.3249650632939,106.44895
20061,125.74038229192671,106.44895
20062,104.21057226693605,90.97637
20062,98.1435936734444,90.97637
20063,128.07825226361672,103.52372
20063,117.25942275174711,103.52372
20065,134.98315990448944,77.98518
20065,123.701326480299,77.98518
20066,99.87906880213686,119.28134
20066,92.73847326962157,119.28134
20067,109.24868979827617,88.49566
20067,94.08832274034684,88.49566
20068,109.31738147537388,92.92737
20068,106.18302251569995,92.92737
20069,119.18151041320465,136.63984
20069,119.85639560107867,136.63984
20070,113.42554247529301,68.44316
20070,110.35312067731594,68.44316
20071,116.140544261592,104.77091
20071,110.64005805205782,104.77091
20072,95.78222496162185,32.2686
20072,101.69151193649272,32.2686
20073,102.13829963603673,122.47019
20073,93.25675030825842,122.47019
20074,97.1164465152251,98.07553
20074,83.73961024709129,98.07553
20075,113.27173898865536,105.42961
20075,116.45835589626036,105.42961
20076,104.72629775761148,68.45922
20076,95.8291489263449,68.45922
20077,105.12404367321132,34.58847
20077,89.98858406742553,34.58847
20079,68.91884249830278,27.68496
20079,59.82296868683216,27.68496
20080,98.51656686286054,8.84426
20080,97.05919607898264,8.84426
20081,97.11734173778252,94.25871
20081,92.15602954667801,94.25871
20082,77.75944774554776,78.87082
20082,67.8515947708483,78.87082
20084,146.56366398897063,94.68236
20084,135.17213277775417,94.68236
20086,67.37820200364243,42.51979
20086,61.471274353836776,42.51979
20087,84.98198675187268,89.63008
20087,63.759047278032845,89.63008
20090,57.613344231968625,35.97712
20090,48.17141087535658,35.97712
20091,94.6845394190275,92.24345
20091,87.13232086651482,92.24345
20092,72.12837925560144,47.45286
20092,62.72106155441686,47.45286
20093,88.22805794916705,73.28412
20093,82.30380230756012,73.28412
20094,88.00276418961984,59.12954
20094,87.42532499508712,59.12954
20095,101.63195352072955,28.52853
20095,90.5161583606607,28.52853
20096,77.33642594836006,44.24611
20096,71.80357210636689,44.24611
20097,72.9623741970376,55.29078
20097,69.6461438544673,55.29078
20099,75.64684461769527,57.827130000000004
20099,68.08928852526437,57.827130000000004
20100,105.70735833873694,1.3792
20100,97.67418797191468,1.3792
20101,85.3413315126412,72.80091
20101,78.78593224884334,72.80091
20102,63.7495252879352,19.17797
20102,52.83239389704359,19.17797
20103,75.42815728635338,63.99622
20103,71.13539898588121,63.99622
20106,75.60008016080809,74.51262
20106,74.13844330554785,74.51262
20107,95.59734320253062,86.05666
20107,89.50186178969123,86.05666
20108,84.71202230559628,58.34718
20108,71.54843034323986,58.34718
20109,61.221392409396145,61.8432
20109,59.47523405825895,61.8432
20111,75.69367351445906,93.88818
20111,74.80077124687605,93.88818
20114,61.06680035311746,44.16048
20114,62.73853086704531,44.16048
20116,114.53016834057436,118.60205
20116,103.31207429342894,118.60205
20117,54.645205224289214,36.0325
20117,51.22549062546234,36.0325
20118,83.19385536962055,61.15123
20118,73.74608988182271,61.15123
20119,115.5435085434423,36.26867
20119,100.71723918037932,36.26867
20120,76.76040153554347,72.21068
20120,73.89684123422703,72.21068
20121,102.75341318948595,78.96685000000001
20121,98.47418288032793,78.96685000000001
20122,70.12405637575011,64.62255
20122,68.10939440898301,64.62255
20123,66.1153037106277,59.148179999999996
20123,64.32386418441386,59.148179999999996
20124,60.99225171263721,38.10841
20124,54.273598831093864,38.10841
20125,72.5629949009625,47.559329999999996
20125,66.78680575155528,47.559329999999996
20129,61.08980509958893,52.92339
20129,61.363515137260634,52.92339
20132,73.4213188879202,40.09161
20132,68.33628905954565,40.09161
20133,62.77961446984767,30.835350000000002
20133,59.266347983657965,30.835350000000002
20134,65.42326484637707,49.98357
20134,60.49661830230529,49.98357
20137,54.18841483273859,37.55127
20137,51.558977739815475,37.55127
20138,46.49931125413862,28.33495
20138,39.94763988623692,28.33495
20139,58.93510794565967,53.48889
20139,57.03421928310058,53.48889
20140,60.68921956961505,58.149
20140,55.54670673283891,58.149
20142,41.248549077770846,35.89411
20142,39.61281590213535,35.89411
20144,49.170675006463476,41.30604
20144,47.89055437156919,41.30604
20145,52.502242352187295,65.41274
20145,47.70860621006938,65.41274
20146,67.53932390008131,30.472260000000002
20146,54.622420424947535,30.472260000000002
20148,47.75645826413993,57.163380000000004
20148,42.84136791562283,57.163380000000004
20151,50.326003140913244,44.81184
20151,47.35545542334543,44.81184
20152,33.02242933620605,23.926669999999998
20152,32.263258458972906,23.926669999999998
20153,46.19044579580516,48.78881
20153,39.537197564817376,48.78881
20155,43.31473520016291,61.25175
20155,39.06128248477741,61.25175
20157,42.48778827879773,55.77624
20157,37.285365739800426,55.77624
20158,66.91924567270283,55.02588
20158,62.61106113095517,55.02588
20160,49.77222922782357,43.18815
20160,54.123204592736656,43.18815
20161,61.161168768868855,34.9225
20161,54.279433648653246,34.9225
20162,37.79759061429818,51.43634
20162,34.31208810420236,51.43634
20166,49.200977534006505,33.52579
20166,42.349804490068045,33.52579
20167,41.411360780674926,43.851729999999996
20167,36.76016157335975,43.851729999999996
20168,39.26887856092834,15.155560000000001
20168,35.153941522459576,15.155560000000001
20175,54.86096855141844,19.70895
20175,46.20132290050312,19.70895
20176,36.62527126919875,23.87612
20176,31.96147189071241,23.87612
20177,34.28182737604304,24.51696
20177,32.12082209794189,24.51696
20179,36.9729863893664,39.70194
20179,32.84649845114642,39.70194
20180,39.358188397059905,36.95611
20180,39.95270854384749,36.95611
20181,37.69737191552523,33.36284
20181,34.45094236391708,33.36284
20182,40.38222952906983,20.87961
20182,35.1421865194082,20.87961
20183,33.3566743923602,20.47573
20183,26.889320497510106,20.47573
20184,36.867972759549744,26.13296
20184,32.733965684621516,26.13296
20187,39.32348484409795,19.99026
20187,34.77145913849857,19.99026
20188,36.286947360353736,22.88825
20188,30.435938385245386,22.88825
20189,36.12496167212145,32.59489
20189,30.893454203454716,32.59489
20192,31.53459941865822,21.45354
20192,30.387072308728406,21.45354
20193,35.22994224427552,24.92724
20193,31.76794743161402,24.92724
20196,36.817697627602264,35.180600000000005
20196,34.03708508467112,35.180600000000005
20197,30.625562309129904,27.90918
20197,27.65787840606855,27.90918
20198,39.0099812422056,22.40804
20198,33.870623415893576,22.40804
20200,35.476852034594366,20.87857
20200,34.17173081251771,20.87857
20201,32.33186656583558,26.166990000000002
20201,30.843074760392106,26.166990000000002
20205,34.539149759906906,29.13191
20205,30.525639215611733,29.13191
20206,31.568874448164006,23.43432
20206,31.431192605478024,23.43432
20207,27.358281891047294,18.51692
20207,28.643011865233326,18.51692
20208,31.668348569277747,20.14227
20208,29.31804242923991,20.14227
20209,26.103374255797277,16.08116
20209,26.491400318466468,16.08116
20211,30.87538689788004,16.10922
20211,28.10460368329331,16.10922
20212,30.38853822592641,22.494790000000002
20212,26.724871731392106,22.494790000000002
20215,29.777868882008075,23.14009
20215,26.73250910438111,23.14009
20216,24.301284373667762,9.20284
20216,21.48141844892251,9.20284
20219,22.067046742202606,23.10671
20219,21.704367739080606,23.10671
20220,25.569225537201554,19.46485
20220,24.72698673197644,19.46485
20222,25.561421014975647,21.01334
20222,21.95455860450969,21.01334
20224,37.76177888254547,21.26943
20224,34.04442559746518,21.26943
20225,22.070196190320733,16.66252
20225,18.571236836171444,16.66252
20226,23.70209989892145,11.32801
20226,20.951497867746724,11.32801
20227,44.86930982207366,38.712650000000004
20227,41.64317022825139,38.712650000000004
20228,16.536265694504426,5.0385100000000005
20228,14.809129114350217,5.0385100000000005
20230,19.831470621912565,18.17921
20230,17.648893996836513,18.17921
20231,23.89541764951915,21.31542
20231,22.9736520271885,21.31542
20232,39.801475882524166,28.2828
20232,40.050513196757805,28.2828
20233,22.389682196874467,35.59532
20233,19.672460396001668,35.59532
20234,6.783075402099131,4.84796
20234,6.867789105087862,4.84796
20235,32.54792222069951,32.13552
20235,31.240175869576465,32.13552
20238,18.272741585137272,16.61631
20238,19.218123211187184,16.61631
20239,19.114485823629085,20.10279
20239,16.44279187617413,20.10279
20240,21.416903313698654,19.51977
20240,22.537721758096726,19.51977
20241,24.656951684018665,12.8158
20241,23.028061550515368,12.8158
20242,22.655517600456918,4.03604
20242,18.39413648179359,4.03604
20244,20.035062759025006,26.46154
20244,17.409101051795275,26.46154
20246,21.016969520174268,24.60939
20246,19.426592325599152,24.60939
20249,12.341047116669882,8.00053
20249,13.068047868595112,8.00053
20251,20.060292655204172,14.79641
20251,19.94016424450569,14.79641
20252,21.95793989345041,12.20597
20252,20.816751187741417,12.20597
20253,22.898778728197623,15.26885
20253,17.49806270023059,15.26885
20254,23.20621597656031,17.46847
20254,22.53715895919703,17.46847
20255,20.94992981908461,12.15816
20255,19.1806490622947,12.15816
20256,20.245183973258346,17.63436
20256,18.604807992542398,17.63436
20259,15.716493036002275,12.43223
20259,14.632982744072791,12.43223
20263,21.947514038076257,20.855059999999998
20263,20.965277215336382,20.855059999999998
20264,22.17322419121728,16.582530000000002
20264,21.304966500367676,16.582530000000002
20265,5.391752189624192,4.57848
20265,4.50849654447844,4.57848
20267,21.71185008127789,18.01748
20267,20.68587243394306,18.01748
20268,20.39155191756408,11.99271
20268,19.00077643130603,11.99271
20269,18.064333914151298,19.13008
20269,16.54317451871598,19.13008
20270,23.593780923624017,6.778370000000001
20270,21.075205912161373,6.778370000000001
20271,16.987397382031997,8.34905
20271,15.923974902700332,8.34905
20272,18.51287357120492,12.66437
20272,17.803578854702337,12.66437
20273,17.872805684067245,12.4634
20273,15.687356558175253,12.4634
20275,19.169749522591733,14.93964
20275,18.88621569799603,14.93964
20276,20.00603059662159,18.62694
20276,19.311934059353774,18.62694
20277,20.352492423321355,9.61208
20277,19.22609979495246,9.61208
20278,10.605965602759413,6.27424
20278,11.376854943852095,6.27424
20280,17.08089603086055,17.02489
20280,15.36790688545046,17.02489
20281,18.356844298647808,9.81001
20281,15.808997960711277,9.81001
20282,21.07125860805873,12.8247
20282,18.088953335274915,12.8247
20283,16.702633327501132,12.82352
20283,14.851442912561975,12.82352
20284,19.887679012503114,11.79748
20284,17.86537656393744,11.79748
20285,16.54757509771951,4.3322
20285,15.248399626727018,4.3322
20288,15.967263312392067,21.12175
20288,14.373275259772916,21.12175
20289,23.083300217594754,10.01
20289,18.630969531215367,10.01
20290,21.89467981418246,21.56585
20290,18.110855410062104,21.56585
20291,19.643480022248262,9.75289
20291,18.693849291005588,9.75289
20292,15.620622184759496,9.80518
20292,15.978360042248351,9.80518
20295,19.938129601936108,6.04878
20295,19.778403366824417,6.04878
20296,17.131129102423508,18.64666
20296,16.552281538230762,18.64666
20299,25.52333614050221,10.61151
20299,23.358946419127044,10.61151
20300,17.46346227653428,17.14787
20300,16.752151218436868,17.14787
20301,16.772351603912725,8.31315
20301,14.796604473098594,8.31315
20302,4.033388063786955,2.35687
20302,3.2916739623952034,2.35687
20303,19.201027833951375,18.3878
20303,18.17652963905708,18.3878
20304,13.597594095089363,5.88588
20304,12.230078991230739,5.88588
20305,2.9521625534122022,2.56676
20305,4.45077379811691,2.56676
20307,17.44815509402035,13.525310000000001
20307,17.544603181851894,13.525310000000001
20309,16.604491700848314,8.112119999999999
20309,14.884125877849296,8.112119999999999
20310,18.30743223970062,9.749849999999999
20310,16.005862693207092,9.749849999999999
20311,19.114947231281647,18.16724
20311,18.819327025506755,18.16724
20313,18.76481502925448,27.15804
20313,18.190937360355306,27.15804
20314,17.320754275284305,18.852050000000002
20314,16.057227599552803,18.852050000000002
20315,16.096654754272954,16.64451
20315,14.77078313412318,16.64451
20316,24.27637719053761,27.23436
20316,23.08768402722511,27.23436
20317,15.306531354653295,14.823310000000001
20317,16.122620469309222,14.823310000000001
20320,16.158944388229166,13.48012
20320,15.195705764940769,13.48012
20321,23.529943078911735,27.62797
20321,22.378221523576045,27.62797
20322,15.841770131659167,5.57864
20322,15.060581469929058,5.57864
20324,14.595196870169143,10.957410000000001
20324,13.883792907828699,10.957410000000001
20325,13.216977128155134,5.26778
20325,9.208567785179177,5.26778
20326,16.41335177136314,15.6484
20326,15.65726725331528,15.6484
20327,13.234260336098524,11.90046
20327,11.16179906729892,11.90046
20328,20.763742363331843,9.333870000000001
20328,19.103270731497744,9.333870000000001
20329,13.167338663261255,11.05355
20329,11.781928498065977,11.05355
20330,14.787822918719199,13.79536
20330,14.054676019691737,13.79536
20332,16.269667032726495,12.96845
20332,13.166629640875108,12.96845
20335,14.265866416728807,11.7811
20335,14.171449219282026,11.7811
20336,14.49168689144595,8.61019
20336,14.050777419269616,8.61019
20338,15.257081668935562,8.13739
20338,13.719207822839854,8.13739
20341,9.792116064326988,8.46183
20341,9.311276897029028,8.46183
20342,15.303775137005225,11.97748
20342,15.513228659015294,11.97748
20346,12.811827510421239,14.96339
20346,12.595087133977708,14.96339
20349,13.509902201941411,17.46373
20349,13.054669786257696,17.46373
20350,3.2051814748767264,1.23931
20350,3.0173350426273178,1.23931
20352,16.86180252492564,17.35029
20352,16.056002012972638,17.35029
20353,12.896258053878045,6.63564
20353,11.947132069316195,6.63564
20354,14.081880436595457,12.29584
20354,13.554385335695313,12.29584
20356,14.335205424375047,13.82404
20356,11.93655272775126,13.82404
20357,11.559774112934026,18.325
20357,12.581785363396312,18.325
20358,10.206449359180876,10.92
20358,11.23206889961256,10.92
20359,12.75491454116026,14.16642
20359,12.320309910996437,14.16642
20361,15.117142322579765,13.57393
20361,13.751416093599113,13.57393
20362,11.259820451586915,6.61718
20362,11.267393540875668,6.61718
20365,11.6408349280849,10.90371
20365,11.880599670152833,10.90371
20366,13.045294947107017,10.34722
20366,11.841642376729755,10.34722
20367,11.338879532872504,9.55006
20367,11.832750520426227,9.55006
20372,10.915726442586235,4.66326
20372,10.671438107353389,4.66326
20375,12.429914007987891,4.38548
20375,11.441895765037422,4.38548
20379,11.608287910914004,6.4533
20379,11.033197675400537,6.4533
20380,14.447264396513898,14.64208
20380,13.26719178236003,14.64208
20381,14.337119750045652,18.21145
20381,14.03420878165985,18.21145
20382,12.86290012142622,9.3097
20382,12.037203806539626,9.3097
20383,10.128824374384955,7.43444
20383,9.390786997367105,7.43444
20384,15.49385609863496,7.21169
20384,14.1543570394109,7.21169
20385,10.850115142828823,7.4722
20385,10.601667496293482,7.4722
20386,12.36707985112181,11.22573
20386,12.504735995703173,11.22573
20388,12.235703616405868,6.6502799999999995
20388,12.389786829897261,6.6502799999999995
20396,12.013417334672079,5.93867
20396,10.506578924049276,5.93867
20398,2.7054007179190185,1.0473
20398,2.207200341196633,1.0473
20400,11.96892481502108,9.74484
20400,10.633418825877095,9.74484
20401,10.533111608062667,9.16454
20401,9.179403484280485,9.16454
20404,8.627851246101958,9.25704
20404,9.896771134398836,9.25704
20406,10.387372479510944,10.276150000000001
20406,12.776539933318867,10.276150000000001
20407,10.872118760215141,6.63483
20407,9.7242273031856,6.63483
20409,7.895703117353548,2.40926
20409,6.234705657464741,2.40926
20410,10.469016572852665,10.14597
20410,9.677295012338792,10.14597
20411,8.592807782650961,9.12526
20411,8.011825225111464,9.12526
20416,1.5209454515172465,0.8585
20416,1.0714147955558546,0.8585
20418,1.6523816190640304,0.5267000000000001
20418,1.1648179084247547,0.5267000000000001
20419,10.543541550747863,13.59539
20419,9.398998951959413,13.59539
20421,11.166053139355004,11.95817
20421,9.851647997089563,11.95817
20422,1.1891541685417328,0.92601
20422,0.7631559697883542,0.92601
20424,8.800026771248357,5.42003
20424,9.05040172848621,5.42003
20426,8.751914713455102,8.05316
20426,7.010675705901272,8.05316
20428,2.329959026215827,1.65654
20428,2.1616531234906593,1.65654
20429,1.6219623491184805,0.9946900000000001
20429,1.0120126712863522,0.9946900000000001
20432,8.985500472343043,5.4624
20432,8.821344406672383,5.4624
20433,12.503117054759471,15.75243
20433,12.054613370450815,15.75243
20434,9.810454756927728,8.25951
20434,8.432666353010523,8.25951
20438,10.5389110264978,16.27824
20438,10.07127837302533,16.27824
20443,7.989265742021414,8.00212
20443,8.068517076123738,8.00212
20449,1.5150772263712393,1.08866
20449,0.8784998836884925,1.08866
20450,10.806075888291478,6.24297
20450,9.909564231504733,6.24297
20456,8.244484079666426,6.10371
20456,8.59480828964327,6.10371
20463,7.825633960364499,10.21467
20463,7.45829783636413,10.21467
20464,8.453152958289483,3.55347
20464,7.601645827175746,3.55347
20465,8.510107528382587,3.54101
20465,7.435046247808142,3.54101
20466,7.735385451577688,7.27034
20466,7.916995937942065,7.27034
20469,10.016856523988523,7.43516
20469,10.172280159843265,7.43516
20470,9.806503214790293,8.27397
20470,8.845102522876843,8.27397
20473,8.636627994684115,6.6120600000000005
20473,7.220972636457734,6.6120600000000005
20474,9.920311728549223,9.65317
20474,9.159856948823393,9.65317
20480,7.570516239153483,5.21702
20480,7.625040304614329,5.21702
20482,8.889212772632732,5.68619
20482,8.535150651519755,5.68619
20483,8.084707618548292,8.52225
20483,8.220560881884104,8.52225
20484,5.873024712518285,1.56548
20484,6.374184812791943,1.56548
20490,1.1105520142258893,0.48618999999999996
20490,0.7788064331491475,0.48618999999999996
20497,6.9979623430694025,5.5455
20497,6.403147124082381,5.5455
20500,8.442042604495256,8.61567
20500,7.840170053251973,8.61567
20502,7.3705347402056525,5.83704
20502,7.065397497384089,5.83704
20505,7.33128374124067,1.41934
20505,7.464669690520392,1.41934
20509,0.7660217550481061,1.10399
20509,0.30195368017473845,1.10399
20517,5.3330242855758705,4.0131
20517,4.666416260418842,4.0131
20520,8.158253428280672,6.9888
20520,7.475493494101868,6.9888
20524,6.520745062409851,3.37671
20524,8.090709797318393,3.37671
20530,7.698079868663593,2.70755
20530,7.293963318332568,2.70755
20532,5.999328700141915,6.38886
20532,5.775284966876549,6.38886
20536,6.458138038638115,5.33565
20536,6.191779603588735,5.33565
20538,6.238777404110871,6.02223
20538,6.0102285436564635,6.02223
20539,6.161426110045156,5.81923
20539,6.023220825309194,5.81923
20549,5.859392281099304,4.18343
20549,5.462202422093995,4.18343
20551,5.430353901208538,5.13514
20551,5.234483831693563,5.13514
20555,4.577277107493309,1.79267
20555,4.556728116471534,1.79267
20560,5.284598090756305,5.1622
20560,5.367596984698291,5.1622
20561,0.7571895184451591,0.37611
20561,0.34559578577862055,0.37611
20563,5.636161052446132,7.4654
20563,5.105045963051481,7.4654
20565,5.566159489938594,3.83425
20565,5.261750992552178,3.83425
20568,4.188571298107264,2.85831
20568,3.9201477444227644,2.85831
20570,5.308372859444018,6.88673
20570,5.432802454351154,6.88673
20572,4.6193533034103105,3.90293
20572,4.07110718819372,3.90293
20579,5.874064851660815,3.101
20579,5.6910396588769085,3.101
20583,4.918400596885329,3.65662
20583,4.937711102289931,3.65662
20585,5.934482816254958,7.09842
20585,5.59357122950798,7.09842
20586,0.9748626034270483,0.33821
20586,0.6417226528478561,0.33821
20596,5.115002193105795,4.49828
20596,4.485599024441794,4.49828
20597,0.5003234596695515,0.23346
20597,0.18650729886258938,0.23346
20599,4.733345545177532,4.55627
20599,4.872437480236125,4.55627
20600,5.066144260365276,1.55091
20600,5.007103222202069,1.55091
20601,1.1217897610666023,0.57274
20601,0.804367125004885,0.57274
20602,4.169616227275342,3.26558
20602,3.5554139519799333,3.26558
20605,4.934964861372223,6.43393
20605,4.211919614624476,6.43393
20606,4.591726025745065,2.34434
20606,4.569152238371074,2.34434
20609,5.4864081667732805,0.47173
20609,4.9828642570641435,0.47173
20612,4.962894568636712,4.18386
20612,4.368982136589988,4.18386
20614,3.6677950882357173,2.23479
20614,3.376446799286925,2.23479
20617,3.5684952467996554,1.36963
20617,3.3981569372283174,1.36963
20622,4.853864489057016,4.72215
20622,4.810105077204352,4.72215
20628,3.8070541514031895,3.28467
20628,4.155719465663303,3.28467
20629,3.315841147089648,2.32608
20629,2.998357909358927,2.32608
20632,3.4553090366444397,2.05983
20632,3.5611051378746943,2.05983
20636,0.4777336624463754,0.37304
20636,0.29086470347977633,0.37304
20637,4.749376323302754,4.74964
20637,4.536885183175373,4.74964
20639,3.965182415780404,4.9791
20639,4.116154324540019,4.9791
20640,3.0785752678877554,2.72739
20640,4.061582692653789,2.72739
20641,3.4290371761538845,2.19101
20641,3.1022964566454365,2.19101
20642,4.8859906575565075,3.02384
20642,4.730963053970019,3.02384
20644,2.6034103564254174,2.6208
20644,2.311487586156204,2.6208
20647,2.6001323451512217,1.92544
20647,2.6153353807234225,1.92544
20651,3.8729204671986865,2.37627
20651,3.7666967891428706,2.37627
20652,4.325039677079485,3.69362
20652,4.247068654719634,3.69362
20653,3.4110350241959604,3.43338
20653,3.731061062200081,3.43338
20654,3.9188880893742937,5.23921
20654,4.032457670961847,5.23921
20655,3.398545896650432,2.58001
20655,3.2444081349334644,2.58001
20658,3.9138989852115893,3.40902
20658,3.4803502126318318,3.40902
20660,2.97689816428144,0.22825
20660,3.306497369676615,0.22825
20661,3.71806157278325,3.46726
20661,3.537625279958039,3.46726
20663,0.306443160858177,0.17495
20663,0.1832100706824238,0.17495
20664,3.019240341978678,2.96002
20664,2.7208162556278643,2.96002
20666,5.267528820287245,2.1839999999999997
20666,4.378664138488631,2.1839999999999997
20670,0.7736590701432233,0.8472799999999999
20670,0.16969573157495565,0.8472799999999999
20672,4.666492049724576,3.4144799999999997
20672,4.184297498222686,3.4144799999999997
20676,2.650711626131785,2.1457800000000002
20676,1.7841735434864066,2.1457800000000002
20677,2.7384583235480315,2.29468
20677,2.2937448413958634,2.29468
20678,0.8046792327557879,0.391
20678,0.8734499642489654,0.391
20680,3.5393923841073374,5.18177
20680,3.3555193640628875,5.18177
20684,3.0167234185840086,0.76875
20684,2.9684605680058835,0.76875
20685,0.6097333504207938,0.9511499999999999
20685,0.43747038813000083,0.9511499999999999
20693,3.1050845264273166,3.71123
20693,3.0734887832012125,3.71123
20696,3.2418699530911805,4.999
20696,3.1424007305067527,4.999
20697,3.049104079695042,2.59869
20697,2.873621894548468,2.59869
20699,1.455868896410608,3.03395
20699,1.2245117076996541,3.03395
20701,3.1017918612398256,3.76215
20701,3.0468807808945035,3.76215
20702,2.451911653249691,2.03063
20702,2.2873813585883465,2.03063
20705,3.0277776923896647,1.0319399999999999
20705,2.694995301945649,1.0319399999999999
20706,3.7121522029227902,4.85225
20706,3.1791836731093754,4.85225
20708,2.845871815902627,4.31759
20708,2.7248274507941197,4.31759
20713,3.088252364080385,1.468
20713,3.0507475532794355,1.468
20714,3.178894607233872,4.22997
20714,3.0532832713479783,4.22997
20715,2.564441607483201,1.62241
20715,2.3876252343024986,1.62241
20721,2.4425066853473028,0.10375
20721,2.678678011196774,0.10375
20729,0.4577279201514019,0.3598
20729,0.2980862244276946,0.3598
20730,2.408806743034292,1.58932
20730,2.216819121431511,1.58932
20733,3.4493843766798147,1.11124
20733,3.0330911325117986,1.11124
20735,2.8250852253188476,1.37555
20735,2.6842471930144356,1.37555
20737,3.1239069489870097,2.07177
20737,2.98647066349377,2.07177
20739,3.0418354585713283,2.92295
20739,2.931488329478813,2.92295
20742,1.9156930667611491,0.91993
20742,1.7186891150819883,0.91993
20744,2.3392776090146494,3.90804
20744,2.2681698637457965,3.90804
20745,2.6095737881297794,1.30308
20745,2.4991634945937564,1.30308
20749,2.6247767624190557,2.73283
20749,2.6942148967105304,2.73283
20751,1.7673847218591265,3.04284
20751,1.5552194063915137,3.04284
20756,2.432364022280436,4.40403
20756,2.3747526611651057,4.40403
20759,2.1836515859539465,1.49063
20759,1.9503882404375312,1.49063
20761,2.7378832739446493,2.47668
20761,2.466857770240763,2.47668
20765,0.5568936598772498,0.25988
20765,0.4990420176663952,0.25988
20768,2.2802788430065637,1.51197
20768,1.965526426660757,1.51197
20773,0.5603841582092004,0.18296
20773,0.37659060312137216,0.18296
20781,1.6204179468558761,0.70834
20781,1.5212555986770202,0.70834
20786,1.8726926400920019,0.60138
20786,1.677924432838547,0.60138
20788,1.0606612339772565,1.47053
20788,0.9487301671663163,1.47053
20789,1.805333054265775,1.4464299999999999
20789,1.6277381925109677,1.4464299999999999
20793,2.1617186598813607,2.64061
20793,1.9628401956769623,2.64061
20800,1.4735253667866304,0.66127
20800,1.3031721095428535,0.66127
20801,2.122596273389456,1.66194
20801,1.954938240262083,1.66194
20802,1.3966285932267377,1.04494
20802,1.2623267680051848,1.04494
20803,1.3480997139731186,1.01973
20803,1.009109301840137,1.01973
20807,2.214330795308774,2.14955
20807,2.1077422630250364,2.14955
20810,2.282868006897293,1.60242
20810,1.9630168131552121,1.60242
20812,1.652040393302952,0.76986
20812,1.4842073592348672,0.76986
20820,1.98193868171689,1.8666099999999999
20820,1.8895463946058444,1.8666099999999999
20823,1.7402278863084755,1.7907
20823,1.708574474812443,1.7907
20824,2.1734266054039275,0.28688
20824,1.7675327520460393,0.28688
20826,1.3549639208870379,1.78647
20826,1.2138361845264984,1.78647
20828,1.9224099060792037,0.47617
20828,1.766634821460383,0.47617
20830,1.3129872381998853,1.11598
20830,1.1582434332902651,1.11598
20831,1.9621297537875488,2.65266
20831,1.7990768241013617,2.65266
20838,1.5489789482420013,1.96905
20838,1.6480558161298788,1.96905
20840,1.699123463855126,1.73797
20840,1.7180411752055131,1.73797
20843,1.8366495417578963,0.77417
20843,1.810146430009285,0.77417
20846,1.3124948782985713,0.55875
20846,1.2242995050118055,0.55875
20847,1.4206709763099865,1.02539
20847,1.1220773854548773,1.02539
20849,1.6496063632059883,2.0799600000000003
20849,1.650198507752398,2.0799600000000003
20852,1.5992720448105018,0.29701
20852,1.290789134567673,0.29701
20862,2.004248555600537,1.30819
20862,1.8081702699833566,1.30819
20863,1.5472131795190076,1.09065
20863,1.4190912011506454,1.09065
20864,1.5641850618574888,1.22199
20864,1.4398840341753398,1.22199
20865,1.463684357581231,1.69039
20865,1.3789572753287085,1.69039
20870,1.2697652731609792,1.32583
20870,1.158401582279554,1.32583
20879,1.5969405394903573,1.46764
20879,1.5873470392936102,1.46764
20882,1.5213614159486952,1.48505
20882,1.3579073662278551,1.48505
20883,1.3415233476749928,0.86097
20883,0.9291995726833829,0.86097
20885,1.4648751488392064,1.4784899999999999
20885,1.225538983038859,1.4784899999999999
20892,1.331801678091172,1.0854000000000001
20892,1.192868209455723,1.0854000000000001
20894,1.3364479633837925,1.89225
20894,1.5530394191123391,1.89225
20901,1.060374544586541,0.73891
20901,1.0357901912048053,0.73891
20906,1.0428962785465152,0.72535
20906,0.8132250751805733,0.72535
20913,1.3340180364770378,0.78256
20913,1.2593527323108853,0.78256
20919,1.0893366993623932,0.43074
20919,1.0335982008782283,0.43074
20922,0.8088844322115596,1.04686
20922,0.6455237615321372,1.04686
20925,0.8603419482067514,0.53211
20925,0.6974919711663803,0.53211
20931,1.0548756688465022,1.43487
20931,0.9807217733815214,1.43487
20936,0.8203457696296319,0.16453
20936,0.9519600527796107,0.16453
20937,1.0262815720213272,1.03081
20937,0.8888833354554745,1.03081
20941,0.6994255320178605,0.82051
20941,0.6296684264010624,0.82051
20947,0.9150010295343172,0.45535000000000003
20947,0.8397707190189438,0.45535000000000003
20948,0.8204995464462246,0.41822
20948,0.7376100722982283,0.41822
20949,1.181719546497843,0.88794
20949,1.0862272708587972,0.88794
20956,0.9056755202766531,0.59267
20956,0.6436917790963089,0.59267
20957,0.9976681308928447,1.10726
20957,0.868773530989589,1.10726
20961,0.9446684470439369,0.83519
20961,0.8885016128056449,0.83519
20965,0.8371717825408338,0.55034
20965,0.7688112139089213,0.55034
20970,0.6921168567811826,0.43677
20970,0.5156892560412649,0.43677
20976,0.685977080127121,0.61586
20976,0.6380311019799427,0.61586
20982,0.8701804154440604,0.13177999999999998
20982,0.7253565769385251,0.13177999999999998
20985,0.791606571830035,0.7459899999999999
20985,0.7257268931918475,0.7459899999999999
20986,0.9687294669457507,0.57885
20986,0.8683996534690853,0.57885
20991,0.353882336937155,0.14446
20991,0.4165547661795806,0.14446
20994,0.500928265293835,0.18545
20994,0.43893727133081145,0.18545
21008,0.6537389719955922,0.99321
21008,0.5698702105439268,0.99321
21014,0.6848830860130961,1.09473
21014,0.6789972566149949,1.09473
21016,0.5656267346901414,0.45426
21016,0.4856262688147504,0.45426
21024,0.6038276680716543,0.39419
21024,0.5428030963276324,0.39419
21028,0.6659668211178407,0.54486
21028,0.5581438722734859,0.54486
21032,0.5038280016175265,0.17637
21032,0.4300494515415279,0.17637
21038,0.5273864854364638,0.4357
21038,0.43752047469732624,0.4357
21048,0.33298883840999116,0.45052000000000003
21048,0.2556702119034266,0.45052000000000003
21049,0.314564933671763,0.30829999999999996
21049,0.30350561428477735,0.30829999999999996
21055,0.4193953913631894,0.41164
21055,0.391129864042772,0.41164
21057,0.5543194505117179,0.67593
21057,0.492301463661483,0.67593
21077,0.22501349771112203,0.21584
21077,0.21588441720465237,0.21584
21080,0.4811559899048085,0.37668999999999997
21080,0.46935424333411624,0.37668999999999997
21088,0.33343136291614156,0.08061
21088,0.2599265039528401,0.08061
21131,0.21671553414051706,0.08076
21131,0.19953944575175098,0.08076
21170,0.20766704913616402,0.04078
21170,0.1763289830254796,0.04078
21182,0.05337047742162059,0.06688
21182,0.05093781449366088,0.06688
21190,0.14581385290723697,0.13297
21190,0.14919271688836433,0.13297
21192,0.06648039740955565,0.012379999999999999
21192,0.040552738829862336,0.012379999999999999
21200,0.1019817524670474,0.12786
21200,0.10208425153343811,0.12786
21202,0.07309907471811763,0.04587
21202,0.054432899089099575,0.04587
21218,0.022285918855735908,0.03348
21218,0.01296824356678488,0.03348
21222,0.059733637205667565,0.02184
21222,0.05126350221841962,0.02184
20514,7.537290485272671,5.77288
20514,7.059360005558196,5.77288
20578,5.41869765950042,3.4644
20578,5.143733448090048,3.4644
20878,1.9337560303103571,1.26697
20878,1.5770467333627018,1.26697
21224,0.07931230057710809,0.07537
21224,0.07944409129087487,0.07537
20588,4.866230811081312,0.6005999999999999
20588,4.059679295412122,0.6005999999999999
20724,3.0350686211638633,1.47147
20724,2.8303910223544015,1.47147
20743,2.8534659407282614,1.11232
20743,2.6721272913963836,1.11232
20771,2.422520974833819,0.95168
20771,2.27581597806827,0.95168
20945,1.3782834594577174,0.86828
20945,1.259995100281646,0.86828
20951,1.3088214204572,0.3287
20951,1.1907631898193825,0.3287
20319,17.129006563929348,11.81172
20319,16.41506602032553,11.81172
20390,12.126844472209083,9.2709
20390,10.265650685341683,9.2709
20415,7.945869178756861,4.85906
20415,6.333312580031839,4.85906
20447,9.952317179263355,6.65567
20447,8.22231638665497,6.65567
20478,5.780576211644912,5.35491
20478,4.78112985210595,5.35491
20508,5.446346879929901,4.02445
20508,4.105320857429984,4.02445
20667,4.296951922187754,2.54736
20667,4.058751618524669,2.54736
20298,18.61275407330669,11.28594
20298,16.971570953953783,11.28594
20343,15.626554391287717,11.96007
20343,14.55891725462671,11.96007
20377,12.773940304000096,7.24521
20377,12.605011325753454,7.24521
20417,11.674688545559672,7.38835
20417,11.536927899017316,7.38835
20750,2.647059574825132,1.37322
20750,2.691391475553938,1.37322
20832,2.4806155979810462,0.23123
20832,2.6385443852264996,0.23123
20855,1.947616817533873,1.27043
20855,2.0555172423891133,1.27043
20877,1.5068976482286958,0.8133
20877,1.4057215884637384,0.8133
20914,1.4772940245700505,1.06175
20914,1.2887582753755311,1.06175
20996,0.8896134102261921,0.22495
20996,0.9173932268868785,0.22495
21003,0.6499750351990559,0.44116
21003,0.693445670030798,0.44116
21027,0.9424835927518208,1.73954
21027,0.8449758204413275,1.73954
20049,226.72264636098078,124.84836
20049,204.08388354495932,124.84836
20453,10.814459586974142,16.32757
20453,10.309859790610561,16.32757
20657,2.5126164873209422,3.71165
20657,2.0353455321924034,3.71165
20741,1.3765093406600775,1.35364
20741,1.091087108606753,1.35364
20777,3.1094106371335832,2.07783
20777,3.1890011329711547,2.07783
20402,17.768885317657446,15.10782
20402,13.758798313349287,15.10782
20496,8.375815240868503,6.49094
20496,7.745532659474847,6.49094
20542,7.877282200474628,8.25353
20542,7.666982599806752,8.25353
20624,6.234302991744254,5.34485
20624,5.672968568523463,5.34485
20775,3.4605716068868673,2.19749
20775,2.9868300519602773,2.19749
20818,2.2479834165900967,1.56334
20818,1.7871876483765643,1.56334
20202,41.63341477420665,24.48113
20202,39.350135964323826,24.48113
20334,17.357149237754726,0.18631999999999999
20334,16.50213269710245,0.18631999999999999
20337,20.85350733149796,13.82469
20337,19.32593967150199,13.82469
20340,17.928088485404643,8.06882
20340,17.30475214696916,8.06882
20544,7.578372717717904,6.43633
20544,8.492253439036997,6.43633
20552,6.4876558756821465,2.39711
20552,4.9781231831535715,2.39711
20574,7.806560602663859,2.60938
20574,5.9281954598101585,2.60938
20589,6.7035722683074885,6.74483
20589,5.965000903733114,6.74483
20646,6.809657846588452,4.05327
20646,6.210196055829237,4.05327
20758,2.4985953598576547,4.3724300000000005
20758,2.325121743524876,4.3724300000000005
20809,2.7737200002680145,3.19917
20809,2.421366942883677,3.19917
21167,0.2718350683245977,0.10550999999999999
21167,0.19506871479986793,0.10550999999999999
21180,0.19405440771689458,0.02
21180,0.10055249676257838,0.02
20112,82.16019260520362,107.06263
20112,78.51838800653135,107.06263
20297,22.689024971708974,35.089
20297,20.411001943117796,35.089
20306,24.270021614227154,32.270920000000004
20306,23.12039079470017,32.270920000000004
20323,23.844831044091478,24.40797
20323,24.226869319152332,24.40797
20344,19.94624061873379,15.9908
20344,18.77750919890164,15.9908
20348,16.872887733584626,11.72618
20348,17.30596541459502,11.72618
20387,17.099791179491717,8.58751
20387,16.839980194188858,8.58751
20403,15.414298451265026,10.9533
20403,15.218132983353403,10.9533
20567,8.714513337654681,7.02946
20567,7.675582877459489,7.02946
21118,0.370448373538603,0.30167
21118,0.3659188584506437,0.30167
21155,0.39424341335145996,0.23501
21155,0.3335014970131228,0.23501
21184,0.2646071061647064,0.15858
21184,0.24017482567312728,0.15858
21194,0.17392177254108815,0.08985
21194,0.15451627876512453,0.08985
21207,0.1738905563953225,0.1208
21207,0.15176316160774384,0.1208
21212,0.12448483822578177,0.10563
21212,0.13808913703309356,0.10563
20164,62.18253284125876,71.3349
20164,59.29432130037277,71.3349
20203,40.57690133211922,55.2097
20203,29.399622400692206,55.2097
20218,32.87249326289751,31.369320000000002
20218,30.7769767339973,31.369320000000002
20479,10.663364918821141,7.92463
20479,10.864500257894322,7.92463
21065,0.7586648956318005,0.59662
21065,0.6267885918583976,0.59662
20237,40.6904814921041,29.51673
20237,40.03461392884117,29.51673
20395,14.48835964601833,26.65657
20395,13.312660449767414,26.65657
20513,7.478507512420102,12.77476
20513,6.835895085827083,12.77476
20576,4.38067493754708,12.3194
20576,3.9189749260804803,12.3194
20604,4.255734542067773,13.179879999999999
20604,4.064745719430214,13.179879999999999
21157,0.20853448402006006,0.16893
21157,0.19539837431389662,0.16893
20126,99.99028136772105,94.95288
20126,79.7518095392543,94.95288
20135,102.43343466766157,101.03175
20135,87.43376819979045,101.03175
20150,78.71389666658428,51.35196
20150,71.76913577697852,51.35196
20262,21.864487907432533,25.6396
20262,25.565087973493945,25.6396
20351,21.875994983498636,14.08152
20351,25.34496401360728,14.08152
20368,20.226593547469264,10.4105
20368,20.716376610881753,10.4105
20378,20.44414048043248,7.68167
20378,19.360179039053705,7.68167
20481,9.015878118386606,8.74287
20481,8.42787849272056,8.74287
20488,12.35882969281483,8.62499
20488,11.559947803236577,8.62499
20541,10.596728683603088,8.18859
20541,10.28600564166125,8.18859
20571,9.588820783402667,7.32115
20571,6.965990986675679,7.32115
20811,3.5331543535941266,2.65751
20811,3.703410354724041,2.65751
20130,97.86382988846816,83.3077
20130,90.40132649487691,83.3077
20143,108.81982871724524,29.92779
20143,87.78605603965734,29.92779
20159,81.78476416015462,61.78339
20159,71.15242037474201,61.78339
20170,71.94331768224679,64.4108
20170,64.76448416427806,64.4108
20266,42.69885516661625,49.55769
20266,39.079646559035695,49.55769
20364,25.869636148101716,30.711399999999998
20364,22.227006711798005,30.711399999999998
20389,27.271044503327612,34.54417
20389,24.533584953104835,34.54417
21034,0.9155858589524069,0.55135
21034,0.9234758461534295,0.55135
21040,0.9846760034554118,0.6441600000000001
21040,0.9021389547482128,0.6441600000000001
21126,0.46116371596089356,0.47548
21126,0.4366657138448333,0.47548
21164,0.3607462067674406,0.15114
21164,0.30086782051160427,0.15114
21176,0.2815357113037775,0.44148000000000004
21176,0.29811068149299114,0.44148000000000004
20089,235.71514577424887,102.33626
20089,191.74209383828708,102.33626
20459,19.14204689085349,15.42616
20459,18.049800606420504,15.42616
20522,16.620139601893744,12.64676
20522,13.511068266871765,12.64676
20638,5.929475569163972,8.33849
20638,5.9304200031903065,8.33849
20503,16.821636859180153,0.83948
20503,13.935516614415452,0.83948
20679,6.595476789657193,10.29418
20679,6.217138202093866,10.29418
20783,3.823391161652653,3.65745
20783,3.0991881656950877,3.65745
20853,3.4240552669958633,2.8984199999999998
20853,2.7686410707182465,2.8984199999999998
21084,0.8963803073549274,0.47287999999999997
21084,0.8266850204058651,0.47287999999999997
20495,17.43640506761104,12.65039
20495,16.17487036629268,12.65039
20523,16.333152018380957,7.63168
20523,16.665417997058324,7.63168
20527,14.403851603086112,7.74072
20527,13.863391563179807,7.74072
20540,14.770225333223383,6.4430000000000005
20540,15.095791449129148,6.4430000000000005
20553,14.138645277490705,7.04809
20553,13.465253671686256,7.04809
20559,14.356525759900991,7.1281
20559,13.445073491228811,7.1281
20569,10.781420785969502,12.84918
20569,8.430779072320515,12.84918
20611,11.859513457396044,9.19572
20611,11.111115876204034,9.19572
20682,9.592747608349248,5.3508000000000004
20682,8.1955162385174,5.3508000000000004
20902,2.855204586813165,1.56067
20902,2.790415214772989,1.56067
20908,2.3349694010907465,2.29554
20908,2.3211553046246833,2.29554
20967,1.807283688341649,1.55408
20967,1.7917483225852315,1.55408
20997,1.8705373425443623,0.88972
20997,1.6818741720701182,0.88972
21142,0.419975986162586,0.10701999999999999
21142,0.48391724850728,0.10701999999999999
21191,0.16376198728365007,0.09023
21191,0.13145388700129096,0.09023
21209,0.13385261871146678,0.07853
21209,0.09726939714338298,0.07853
21226,0.1546790144302325,0.04866
21226,0.12915826235855388,0.04866
21233,0.07292559067005012,0.03557
21233,0.039058757269837506,0.03557
21245,0.044662059845376675,0.02403
21245,0.012103624903804733,0.02403
20085,173.86981793865408,221.56404
20085,154.88733321238448,221.56404
20408,21.836060753882016,11.77663
20408,17.481007189514354,11.77663
20477,14.827724947419657,6.01202
20477,10.897982924925216,6.01202
20700,4.315351443330173,3.11353
20700,3.5492614900358035,3.11353
20709,8.088508394677348,8.64319
20709,7.5779890844943925,8.64319
20917,3.3662861615735804,2.29184
20917,2.900823931661014,2.29184
20990,1.381963588351258,0.4538
20990,1.1594442319027032,0.4538
21001,0.9577413641538088,0.52382
21001,0.8166744665529682,0.52382
21022,1.2840854172196106,0.76216
21022,1.235805828751441,0.76216
21037,0.9031147926920693,0.4412
21037,0.7591129751452251,0.4412
21056,1.2982833851974092,0.64179
21056,1.1130948318658431,0.64179
21201,0.24430496290793333,0.18025
21201,0.2801521124027244,0.18025
21244,0.09510209071173961,0.01552
21244,0.031407113953798804,0.01552
21246,0.08694602279053733,0.02117
21246,0.02325673877462993,0.02117
21248,0.08496882473300608,0.01129
21248,0.02731076209412655,0.01129
21256,0.0808079360006428,0.012709999999999999
21256,0.01580218197897141,0.012709999999999999
21259,0.0937106936690013,0.01412
21259,0.023301255916955546,0.01412
21262,0.08834847330139721,0.01834
21262,0.028265063214005078,0.01834
21263,0.09279832639737577,0.0127
21263,0.022089971144362466,0.0127
20460,13.014953543787282,8.94893
20460,12.860936589372917,8.94893
20547,17.097437890789198,12.23047
20547,14.064727596987328,12.23047
20558,16.904511962638942,3.4579999999999997
20558,16.833257221183867,3.4579999999999997
20580,19.315482141798675,15.91044
20580,17.999458691389737,15.91044
20627,9.29452335001535,9.34447
20627,9.024220458352751,9.34447
20689,10.115807075010068,2.2932
20689,10.268009524454644,2.2932
20817,6.905042126017829,1.35408
20817,7.208713541929692,1.35408
20835,6.446309423821958,0.9755199999999999
20835,6.813029888056876,0.9755199999999999
21093,1.0602081043417704,0.2881
21093,0.8878861542727237,0.2881
21105,1.0077549005486273,0.43487
21105,0.9682252011582164,0.43487
20032,691.2151654226569,527.79811
20032,649.6271832449225,527.79811
21153,0.7245665391569476,0.25441
21153,0.692984645593677,0.25441
21159,0.5578506016710304,0.14194
21159,0.5280157276967071,0.14194
21168,0.5661330221517785,0.14085
21168,0.5355917958839639,0.14085
20286,49.75870627278866,50.55931
20286,48.62184065694393,50.55931
20442,19.601742993830385,23.79055
20442,19.666689883707704,23.79055
20491,17.977828016112753,11.94289
20491,17.412939300368734,11.94289
20548,22.551189764076245,12.24028
20548,21.80374418073274,12.24028
20620,10.767176995259192,6.91217
20620,10.267693529110815,6.91217
20623,14.708308411444994,10.20951
20623,14.405525756682726,10.20951
20659,13.397185329448575,7.73487
20659,12.794223908435697,7.73487
20757,5.237844607245052,2.37376
20757,5.060759148012722,2.37376
21033,1.183429194393462,1.2670000000000001
21033,1.1337010541585149,1.2670000000000001
21073,1.3283706480545288,0.75292
21073,1.2996781790537124,0.75292
21252,0.11035144815249064,0.08560000000000001
21252,0.10445181207759001,0.08560000000000001
21265,0.08812695106763076,0.050069999999999996
21265,0.08154712448168229,0.050069999999999996
21266,0.09594477415378339,0.05121
21266,0.08954920135731942,0.05121
21267,0.07838484217616822,0.015690000000000003
21267,0.07566368851083423,0.015690000000000003
21276,0.019917460522800443,0.008919999999999999
21276,0.017852124191075323,0.008919999999999999
20355,45.99739391280616,25.633470000000003
20355,43.66952592803443,25.633470000000003
20414,33.10607957224882,28.50819
20414,31.542542213011146,28.50819
20458,26.993763948711436,22.48458
20458,25.908946539196055,22.48458
20476,24.294305228242344,19.73377
20476,23.55176081562943,19.73377
20510,18.716111024768267,9.0775
20510,18.165409644992266,9.0775
20521,21.54393700143216,9.54402
20521,20.94812205811856,9.54402
20525,17.96628437723568,15.9413
20525,17.604524953026086,15.9413
20526,18.580358628213574,13.65706
20526,17.95756781476753,13.65706
20531,17.70407925271134,12.40991
20531,17.513219458094643,12.40991
20537,17.96175388233777,12.0668
20537,17.459876336027346,12.0668
20575,18.549039779277766,9.11891
20575,17.94921725806805,9.11891
20577,18.068097532736978,8.44628
20577,17.202768743979654,8.44628
20593,14.571302120692309,8.18131
20593,14.033934419161852,8.18131
20603,17.03237926243587,7.70408
20603,16.46798454998775,7.70408
20633,14.641478597737663,6.92866
20633,14.127229392148369,6.92866
20681,12.574005995353907,8.83008
20681,12.33801940496847,8.83008
20719,7.741963093742668,7.74604
20719,7.724211638435661,7.74604
20746,7.9795490848317066,4.26365
20746,7.618985031773082,4.26365
20785,7.216393241526672,2.93047
20785,7.010533342005798,2.93047
20795,8.42438232585237,3.56276
20795,8.003115889275527,3.56276
20822,6.314643397914009,5.92346
20822,6.058843091116981,5.92346
20859,2.854265577020819,3.06268
20859,2.687940246286566,3.06268
20907,4.975236832297289,3.47802
20907,4.756471335089647,3.47802
20920,3.8761989801929326,2.4836
20920,3.7930658787296148,2.4836
20966,1.4648954709786772,1.73472
20966,1.4077130248565077,1.73472
20987,2.3681915163720006,0.16926
20987,2.2382268964970464,0.16926
21086,1.3092432932965674,0.63302
21086,1.3038149343840995,0.63302
21092,0.9933569579610744,0.99937
21092,0.9522781818399348,0.99937
21179,0.6590228415763237,0.29605000000000004
21179,0.6187234110867836,0.29605000000000004
21196,0.3949110612374308,0.19440000000000002
21196,0.38530968428669,0.19440000000000002
20754,9.744242265815737,8.55531
20754,9.562090590591433,8.55531
20924,2.1657069294906623,3.70952
20924,2.085601267144776,3.70952
20928,5.876769047619629,2.92793
20928,5.621082943321991,2.92793
20932,2.748012874437331,1.8699999999999999
20932,2.6863365808258046,1.8699999999999999
20946,3.06070517074051,3.14228
20946,2.9725067771572125,3.14228
21042,1.2148097162183764,1.61798
21042,1.162233517044449,1.61798
21044,1.1958287157421115,1.76904
21044,1.1446661003236773,1.76904
21064,0.8003161304174424,0.32759
21064,0.7197288178382875,0.32759
21074,1.9537015282487873,0.00311
21074,1.8418874614810947,0.00311
21099,0.41732534310522074,0.17034
21099,0.3707960798472404,0.17034
21135,0.5400406774391175,0.29346
21135,0.5357307251800538,0.29346
21163,0.5807252358453748,0.339
21163,0.5628895517247198,0.339
21171,0.6116644869101524,0.30362
21171,0.5854410285604477,0.30362
20174,138.41643292912593,91.1178
20174,133.8737064124023,91.1178
20592,15.52257010644836,12.04725
20592,15.401346895159907,12.04725
20649,11.52072864107666,14.79183
20649,10.879503064675903,14.79183
20674,9.08979633936615,8.38539
20674,8.81558910498352,8.38539
20691,12.240985221932982,7.99868
20691,11.796588010858153,7.99868
20732,10.044075310459895,5.96173
20732,9.918920934429927,5.96173
20772,10.943727121765138,2.53867
20772,10.769513116294862,2.53867
20774,5.503668889081576,5.44871
20774,5.328598722493746,5.44871
20827,4.68639201536255,2.60942
20827,4.510627275849153,2.60942
20927,4.450415747497939,3.05867
20927,4.24506803068962,3.05867
21007,3.082994456727599,1.8007300000000002
21007,2.9360926405979146,1.8007300000000002
21111,1.2624416368307116,1.46188
21111,1.1992998289169314,1.46188
21114,1.649435854421615,1.49352
21114,1.5680318091974252,1.49352
21119,1.3045393352409362,1.14641
21119,1.241762814392662,1.14641
21140,1.1609664274527545,0.55694
21140,1.101802797444057,0.55694
21227,0.22320958080337044,0.42182000000000003
21227,0.21004623586878773,0.42182000000000003
20236,96.01256652084962,34.70341
20236,94.54054732529298,34.70341
20261,67.84993190682374,43.74576
20261,66.2652303687378,43.74576
20440,44.05474924914551,34.28062
20440,41.768741844818116,34.28062
20615,15.419504811888132,14.06805
20615,15.16549818766633,14.06805
20621,15.654549048741142,7.23179
20621,14.81593458493499,7.23179
20662,10.768739294758605,11.50205
20662,10.635488581410216,11.50205
20673,15.456454446218867,9.15194
20673,14.829629948042292,9.15194
20711,11.55670825787354,7.00535
20711,10.92840413399506,7.00535
20720,12.511103973124692,8.95012
20720,11.843330607150266,8.95012
20845,2.3979958484985353,2.22201
20845,2.1257171820022585,2.22201
20886,1.5710528566238406,1.09253
20886,1.3825481458303455,1.09253
20904,3.8405738001647958,4.55923
20904,3.6649354224983224,4.55923
20910,3.788506132815552,5.20738
20910,3.7543268029434205,5.20738
20912,3.9792137581375133,3.03888
20912,3.895960314896394,3.03888
20933,3.1204263121322633,3.68027
20933,3.058909997387314,3.68027
20953,1.5574821638790133,2.3988
20953,1.3620350765911104,2.3988
21006,2.4194417457534794,0.96358
21006,2.3922724883510593,0.96358
21035,2.0152770058750145,1.80884
21035,1.9419688956378929,1.80884
21039,1.6787227856517783,1.9437399999999998
21039,1.5942046808601371,1.9437399999999998
21079,1.9145942875347137,0.68459
21079,1.8979642936191559,0.68459
21109,1.7757798164394387,0.9539
21109,1.6925986736324319,0.9539
21112,1.3831473610397342,0.55859
21112,1.3557180038686756,0.55859
20213,93.12515441068115,58.84043
20213,89.73282042630615,58.84043
20257,78.64544773027343,51.77148
20257,75.33742237016601,51.77148
20694,12.104629584252926,8.90416
20694,11.59512288182983,8.90416
20762,9.074245165109254,6.8284899999999995
20762,8.710168073892213,6.8284899999999995
20815,8.406701491246036,6.33522
20815,8.256177709469608,6.33522
20899,2.9157013770107274,2.32761
20899,2.798662292576218,2.32761
20942,1.4588086783912662,1.72156
20942,1.3745679736164096,1.72156
20968,2.6504293954380045,1.91479
20968,2.609793154002,1.91479
21058,1.4941488256151199,1.84115
21058,1.4591970046455383,1.84115
21097,1.462980318285561,1.34469
21097,1.4300648751035694,1.34469
21110,1.5122244630327226,1.52502
21110,1.4727632079591753,1.52502
21129,0.7846930672442437,0.7841
21129,0.747283187977028,0.7841
21144,0.976107889562225,0.36366
21144,0.9127198846632001,0.36366
21146,1.3515861876554487,0.39513
21146,1.320009822422981,0.39513
21154,1.1513854107627868,0.12383000000000001
21154,1.081128432489395,0.12383000000000001
20127,161.47387080004881,170.32792
20127,157.30401949694823,170.32792
20210,109.4519275250488,58.78261
20210,106.51808105135495,58.78261
20686,15.363313772167974,9.60049
20686,15.417006113018804,9.60049
20703,15.517555635406495,9.4657
20703,15.566350620224,9.4657
20962,4.581248542810821,1.99182
20962,4.55628266050949,1.99182
20975,4.277478872154236,1.69045
20975,4.253462074611664,1.69045
20995,3.9858437971473695,1.55285
20995,3.9646142320037843,1.55285
21087,0.796813103964233,1.02205
21087,0.7767786343001362,1.02205
21214,0.22775384315919872,0.24428
21214,0.22629998901557918,0.24428
