product_id,tn,tn_dic_2019,error_abs,error_pct
20001,1481.7878536998228,1504.68856,22.900706300177262,1.521956563568029
20002,1249.9321034295926,1087.30855,162.62355342959268,14.956523006242586
20003,954.479523463726,892.50129,61.97823346372593,6.944329846708225
20004,806.5697055956826,637.90002,168.6696855956826,26.441398386487368
20005,743.411579430857,593.24443,150.16714943085708,25.312862934230512
20006,456.8604789633576,417.23228,39.62819896335759,9.497874652305807
20007,407.6109369795332,390.43432,17.176616979533208,4.399361454580429
20008,418.0179919180104,195.36854,222.6494519180104,113.96382033566428
20009,519.9727475842496,495.03574,24.93700758424967,5.037415598366629
20010,389.9546108507892,359.59998,30.354630850789192,8.441221506961483
20011,400.0283973082357,392.3829,7.64549730823569,1.9484787202081664
20012,339.3108693822701,173.13004,166.18082938227008,95.98613237903143
20013,414.5176145356006,318.09141,96.42620453560062,30.31399198601453
20014,427.01630289535535,272.02812,154.98818289535535,56.97505937818317
20015,409.9793779639849,297.27663,112.7027479639849,37.91174165422452
20016,304.5818420775614,273.20202,31.379822077561414,11.485940725314334
20017,273.074643167294,216.90773,56.16691316729404,25.894380604736423
20018,274.99446850887966,141.6357,133.35876850887965,94.15618273421153
20019,421.3551664944756,351.54708,69.80808649447562,19.857393352399804
20020,256.19756015336554,266.06358,9.866019846634458,3.7081436875480884
20021,256.3088862040164,203.76721,52.5416762040164,25.78514776936701
20022,246.0254831911928,210.8346,35.190883191192796,16.691227716509907
20023,305.82860228948573,181.13277,124.69583228948574,68.8422267762403
20024,210.98109089581584,270.45018,59.46908910418415,21.98892568834088
20025,196.7647931780596,241.83432,45.0695268219404,18.6365305064808
20026,260.16948440004575,235.10419,25.065294400045758,10.661355886530886
20027,232.39553529545097,155.25876,77.13677529545097,49.68272018625614
20028,185.0309423983788,109.92618,75.10476239837881,68.32290760797729
20029,168.05241109673108,150.64869,17.40372109673109,11.55252070013426
20030,154.53949522248547,102.7572,51.78229522248547,50.39286319837974
20031,154.28180103335478,139.91577,14.366031033354773,10.267628183266812
20033,189.8056944078022,96.76212,93.04357440780221,96.15702343830645
20035,156.21599544614094,179.97912,23.763124553859058,13.203267442278339
20037,113.7188644695304,63.37274,50.3461244695304,79.44444956858486
20038,161.08660498438,157.68477,3.4018349843800024,2.1573643316218827
20039,157.8818430668679,128.40394,29.477903066867896,22.957163983338745
20041,143.4866603998126,113.11379,30.372870399812598,26.85160704085028
20042,161.9624832763892,124.20086,37.7616232763892,30.403672950726108
20043,138.41945415316275,93.77222,44.64723415316274,47.61243164890704
20044,151.21509862493582,59.61747,91.59762862493582,153.64226060739549
20045,158.96469568093954,149.89961,9.065085680939546,6.047437802499651
20046,159.79031599798356,149.9563,9.834015997983556,6.557921206367159
20047,149.2410831560238,71.49763,77.74345315602379,108.73570656261444
20050,123.1638505386272,117.02742,6.136430538627195,5.243583545315444
20051,137.28216659127622,132.46038,4.821786591276236,3.640172700150971
20052,148.1541600143653,95.51068,52.643480014365295,55.117898872006045
20053,144.8658317257966,146.36584,1.5000082742033953,1.0248349438662705
20054,121.25108975823592,121.2091,0.04198975823591411,0.03464241400679826
20055,111.21544076523172,65.85747,45.35797076523171,68.87293235715207
20056,119.07605684829026,63.7182,55.35785684829026,86.87919126448999
20057,132.9348857609594,141.36774,8.432854239040608,5.965189964160571
20058,113.77962766891436,117.82985,4.050222331085635,3.4373482874548644
20059,125.61750497754804,111.51139,14.106114977548032,12.649931973359879
20061,125.54556802126356,106.44895,19.096618021263566,17.939695996309563
20062,98.31797631776789,90.97637,7.341606317767884,8.06979473655399
20063,115.49020886508411,103.52372,11.966488865084116,11.559175873011633
20065,122.84580220708855,77.98518,44.860622207088554,57.52454787831297
20066,93.47861020222074,119.28134,25.802729797779264,21.631824221440894
20067,94.8735037225366,88.49566,6.377843722536596,7.206956502202025
20068,107.07107971336087,92.92737,14.143709713360877,15.220176481224938
20069,119.55279444876464,136.63984,17.08704555123535,12.505170930553891
20070,110.39480641350283,68.44316,41.95164641350283,61.29414015002058
20071,109.47899255546604,104.77091,4.708082555466035,4.493692529220215
20072,101.24558511001143,32.2686,68.97698511001144,213.7588402038249
20073,95.05061426055624,122.47019,27.419575739443758,22.388775374190043
20074,82.97086365500118,98.07553,15.104666344998819,15.40105502870983
20075,116.200303448318,105.42961,10.770693448318,10.216004259446658
20076,95.4503334356512,68.45922,26.9911134356512,39.42655705929924
20077,93.43920852571708,34.58847,58.85073852571708,170.145538457518
20079,60.71559013116434,27.68496,33.030630131164344,119.3089321103023
20080,96.82832868862651,8.84426,87.98406868862651,994.8154926316787
20081,92.15283868620116,94.25871,2.105871313798829,2.234139756208025
20082,69.35650805073709,78.87082,9.514311949262904,12.06315840162801
20084,137.17102409233811,94.68236,42.48866409233811,44.874952517383505
20086,61.25393403614492,42.51979,18.73414403614492,44.05982258177878
20087,66.15602242884557,89.63008,23.474057571154432,26.1899326332794
20090,48.58593426261014,35.97712,12.608814262610139,35.046758224699865
20091,86.84050144968062,92.24345,5.40294855031938,5.857270679185763
20092,63.62166958300468,47.45286,16.16880958300468,34.073414295797306
20093,82.71000570535807,73.28412,9.42588570535807,12.862112153844613
20094,87.75152701465103,59.12954,28.621987014651033,48.4055634707306
20095,93.4497680411318,28.52853,64.9212380411318,227.5660121328782
20096,71.37861840166215,44.24611,27.13250840166215,61.32179394225198
20097,71.7381573292412,55.29078,16.447377329241206,29.747052454751422
20099,68.30506098531143,57.82713,10.477930985311431,18.11940344490801
20100,102.51502740993443,1.3792,101.13582740993444,7332.934121950002
20101,79.55519874823764,72.80091,6.7542887482376415,9.277753187752243
20102,54.8283043860317,19.17797,35.6503343860317,185.89211676747698
20103,71.35776071800747,63.99622,7.361540718007468,11.503086772949196
20106,75.86289487286399,74.51262,1.3502748728639915,1.8121425241308002
20107,90.7214258576836,86.05666,4.664765857683605,5.420575069592064
20108,73.34336815262175,58.34718,14.996188152621748,25.701650281336214
20109,59.29952757349975,61.8432,2.543672426500251,4.113099623726216
20111,73.98878121184927,93.88818,19.899398788150734,21.19478595511249
20114,61.61104429711109,44.16048,17.450564297111093,39.51624687302107
20116,102.72291495227908,118.60205,15.879135047720922,13.38858396437576
20117,51.8967901234985,36.0325,15.864290123498499,44.0277253132547
20118,75.6042244857785,61.15123,14.452994485778504,23.634838556441963
20119,105.2558082378208,36.26867,68.9871382378208,190.2113814424979
20120,74.59028319591505,72.21068,2.3796031959150525,3.295361843864443
20121,100.7008906274425,78.96685000000001,21.734040627442496,27.522993037511934
20122,68.5922136623206,64.62255,3.969663662320599,6.142845898715849
20123,65.35707173186347,59.14818,6.208891731863467,10.497181370354028
20124,53.99112666585064,38.10841,15.882716665850644,41.67772065496998
20125,68.01860513351816,47.55933,20.45927513351816,43.01842589775373
20129,60.260939127224376,52.92339,7.337549127224378,13.864473018875733
20132,66.79336241154184,40.09161,26.701752411541833,66.60184615070793
20133,60.25709450896384,30.83535,29.42174450896384,95.41563338494242
20134,61.87658194600512,49.98357,11.893011946005117,23.79384254867173
20137,51.947076316526896,37.55127,14.395806316526894,38.336403313461545
20138,38.907037637784704,28.33495,10.572087637784705,37.31112155759832
20139,57.30057737997842,53.48889,3.811687379978423,7.12612914565702
20140,57.773138344223085,58.149,0.3758616557769159,0.646376817790359
20142,39.27266146299563,35.89411,3.378551462995631,9.412551148351724
20144,47.88841644049143,41.30604,6.58237644049143,15.935626945820585
20145,49.83883024557872,65.41274,15.57390975442128,23.80867970738006
20146,57.120674044823645,30.47226,26.648414044823646,87.45138708065515
20148,43.494304239660615,57.16338,13.669075760339382,23.912294480031417
20151,47.69842946437028,44.81184,2.8865894643702816,6.4415776374509095
20152,31.63974017825615,23.92667,7.7130701782561495,32.236287700111
20153,41.24596309990764,48.78881,7.542846900092357,15.460198558014342
20155,39.37233439918896,61.25175,21.879415600811043,35.72047427348777
20157,37.58422119340068,55.77624,18.19201880659932,32.616072375261076
20158,63.4461514490886,55.02588,8.420271449088602,15.302383985660207
20160,53.267604481114034,43.18815,10.079454481114034,23.33847243078028
20161,54.76734001243439,34.9225,19.84484001243439,56.825370498774106
20162,35.64225442979879,51.43634,15.794085570201212,30.706083617538127
20166,42.722252626707714,33.52579,9.196462626707714,27.43100946079932
20167,37.560383440697024,43.85173,6.29134655930298,14.346860566967322
20168,34.326580999564385,15.15556,19.171020999564384,126.4949695000672
20175,47.1761781760194,19.70895,27.467228176019397,139.36423896767405
20176,32.279339943560124,23.87612,8.403219943560124,35.1950817116019
20177,32.568084784828955,24.51696,8.051124784828954,32.839001184604264
20179,34.751860423213095,39.70194,4.950079576786905,12.468105026572768
20180,39.83275555794759,36.95611,2.8766455579475902,7.783951173290668
20181,35.029857984117456,33.36284,1.6670179841174573,4.99663093464902
20182,34.72628164367921,20.87961,13.846671643679208,66.31671589497701
20183,26.405189185812336,20.47573,5.9294591858123376,28.958475159676055
20184,33.5353580600656,26.13296,7.402398060065597,28.325907436683778
20187,34.49108022923524,19.99026,14.500820229235238,72.53942784753794
20188,31.903131452816496,22.88825,9.014881452816496,39.386503786075814
20189,31.78877327992864,32.59489,0.8061167200713584,2.4731383357064813
20192,31.797303649204025,21.45354,10.343763649204025,48.21471724108947
20193,32.150952896799105,24.92724,7.223712896799103,28.979192629425093
20196,35.06935625413749,35.180600000000005,0.11124374586251662,0.31620764245782224
20197,28.35073802829333,27.90918,0.44155802829332913,1.5821246926399455
20198,34.082776379500075,22.40804,11.674736379500075,52.10065842215595
20200,33.99925458594672,20.87857,13.120684585946723,62.84283160171756
20201,30.83281578094783,26.16699,4.665825780947831,17.830960996843086
20205,30.598009794529712,29.13191,1.4660997945297112,5.032625030523955
20206,31.4987812418211,23.43432,8.0644612418211,34.41303712598061
20207,27.817405435339573,18.51692,9.300485435339574,50.22695694175692
20208,29.415177154701176,20.14227,9.272907154701176,46.0370512097255
20209,26.925444682409275,16.08116,10.844284682409274,67.43471666477589
20211,27.69998525361891,16.10922,11.590765253618908,71.95112645813334
20212,28.2320400478602,22.49479,5.737250047860201,25.504794878548324
20215,27.881560018614188,23.14009,4.741470018614187,20.49028339394612
20216,22.454474393049075,9.20284,13.251634393049075,143.99505362528387
20219,21.706052307310152,23.10671,1.4006576926898475,6.0616924377804
20220,24.74479699904404,19.46485,5.279946999044043,27.125546814098456
20222,22.100747919412484,21.01334,1.0874079194124846,5.174845690463699
20224,34.03915731123061,21.26943,12.76972731123061,60.0379385401048
20225,19.94216649195259,16.66252,3.2796464919525903,19.682776026390908
20226,21.703178142461987,11.32801,10.375168142461986,91.58862097104421
20227,42.7044852056667,38.71265,3.9918352056667032,10.311449114609058
20228,14.69769815070335,5.0385100000000005,9.659188150703349,191.70723389858009
20230,17.722297234116468,18.17921,0.45691276588353347,2.513380756829001
20231,22.941273206809328,21.31542,1.625853206809328,7.627591700324592
20232,41.38165176097295,28.2828,13.098851760972948,46.31384361156939
20233,20.49894745080108,35.59532,15.096372549198922,42.41111626247193
20234,6.984335752597737,4.84796,2.136375752597737,44.067520206390675
20235,32.39154726544845,32.13552,0.2560272654484521,0.7967111328786717
20238,19.923044788352016,16.61631,3.306734788352017,19.900536210217656
20239,17.162341236737042,20.10279,2.940448763262957,14.627068000327103
20240,22.91485544832377,19.51977,3.395085448323769,17.393060719074914
20241,23.4107191813916,12.8158,10.5949191813916,82.67075938600478
20242,17.970671607992646,4.03604,13.934631607992646,345.2550422689727
20244,18.461224907224995,26.46154,8.000315092775004,30.233747139338845
20246,20.222447581997244,24.60939,4.386942418002757,17.826294832999746
20249,13.048248901043705,8.00053,5.047718901043705,63.092306397747464
20251,20.15469377147328,14.79641,5.35828377147328,36.213404274910474
20252,21.93735986250724,12.20597,9.731389862507239,79.7264769822246
20253,17.735874111483632,15.26885,2.4670241114836315,16.157235885372057
20254,22.678670928275256,17.46847,5.210200928275256,29.82631523124381
20255,19.03697498043376,12.15816,6.878814980433761,56.577763250637936
20256,18.477394927824857,17.63436,0.8430349278248563,4.780638071497101
20259,14.960175706772272,12.43223,2.5279457067722717,20.3338074245109
20263,21.054050671069096,20.85506,0.19899067106909385,0.9541601465979663
20264,21.493222924015843,16.582530000000002,4.910692924015841,29.613653188119304
20265,4.464372672519423,4.57848,0.11410732748057661,2.4922534876329396
20267,21.103879428814672,18.01748,3.0863994288146728,17.130028332567445
20268,19.836185622153,11.99271,7.843475622152999,65.40202858363955
20269,17.313220190787238,19.13008,1.8168598092127617,9.497397863536177
20270,21.624698357346432,6.778370000000001,14.846328357346431,219.02505111621866
20271,16.605532452156567,8.34905,8.256482452156567,98.89128047091066
20272,17.785434636102586,12.66437,5.121064636102586,40.436789481850155
20273,16.096341587873532,12.4634,3.632941587873532,29.1488806254596
20275,19.37007216163072,14.93964,4.430432161630719,29.65554833738108
20276,19.285300385343096,18.62694,0.6583603853430944,3.534452708513016
20277,19.96634307933082,9.61208,10.354263079330819,107.72135770125529
20278,11.121895413234816,6.27424,4.847655413234816,77.26283045013923
20280,15.757938627509237,17.02489,1.2669513724907624,7.4417595208589455
20281,16.121930832319894,9.81001,6.311920832319894,64.34163504746574
20282,17.82761510992416,12.8247,5.00291510992416,39.009997192325436
20283,15.44701999692167,12.82352,2.6234999969216695,20.458501229940527
20284,18.272148861839103,11.79748,6.474668861839103,54.88179561939586
20285,15.409920183153911,4.3322,11.077720183153911,255.7065736381956
20288,14.295639406486128,21.12175,6.826110593513871,32.317921543024944
20289,19.682009992175967,10.01,9.672009992175967,96.62347644531437
20290,18.90069638735953,21.56585,2.66515361264047,12.358212695722495
20291,18.84407880803944,9.75289,9.09118880803944,93.21533215323294
20292,15.820282501725789,9.80518,6.015102501725789,61.34617112307769
20295,20.431535891520884,6.04878,14.382755891520883,237.7794512533252
20296,16.43235084965199,18.64666,2.2143091503480115,11.87509800869438
20299,24.04329874111984,10.61151,13.43178874111984,126.57754401701398
20300,16.79728598991831,17.14787,0.3505840100816897,2.044475553416778
20301,15.852147235842866,8.31315,7.538997235842865,90.68761222692801
20302,3.1125040456522526,2.35687,0.7556340456522528,32.06091323035436
20303,18.404422048932663,18.3878,0.016622048932664057,0.090397159707328
20304,12.260871519632108,5.88588,6.374991519632108,108.30991320978525
20305,4.421198887546431,2.56676,1.8544388875464315,72.24823853988809
20307,17.940280413035683,13.52531,4.414970413035684,32.642286299062164
20309,15.13583726156266,8.112119999999999,7.023717261562661,86.58300495508772
20310,15.85477517113324,9.74985,6.104925171133239,62.615580456450495
20311,19.25997389679945,18.16724,1.0927338967994515,6.014859146460616
20313,19.102749124288607,27.15804,8.055290875711393,29.660796124136326
20314,15.953117028513812,18.85205,2.898932971486186,15.377282425445435
20315,14.94667414599496,16.64451,1.6978358540050404,10.20057576945816
20316,23.83016906492196,27.23436,3.404190935078038,12.49961789106863
20317,16.06485608140256,14.82331,1.2415460814025607,8.375633251969775
20320,15.259564657525791,13.48012,1.7794446575257918,13.20051051122536
20321,23.632616068836697,27.62797,3.9953539311633044,14.461264910752778
20322,15.387083178636315,5.57864,9.808443178636315,175.82140411706644
20324,14.355737207626632,10.95741,3.3983272076266324,31.013964135928408
20325,9.357357361133838,5.26778,4.089577361133838,77.63379186552662
20326,15.977897753726673,15.6484,0.3294977537266721,2.1056322290245144
20327,11.79312558975744,11.90046,0.10733441024256152,0.9019349692580078
20328,19.63840340743244,9.33387,10.304533407432439,110.39936711602411
20329,12.053843958055303,11.05355,1.0002939580553036,9.049526695543998
20330,14.262511858911347,13.79536,0.4671518589113468,3.3862969789215125
20332,13.276417491841556,12.96845,0.3079674918415556,2.374744027555765
20335,14.385489247783974,11.7811,2.604389247783974,22.106503193962993
20336,14.265172770194829,8.61019,5.654982770194829,65.67779305909428
20338,14.023456371601974,8.13739,5.886066371601974,72.33359064272419
20341,9.312386592982351,8.46183,0.8505565929823504,10.051686136241809
20342,15.896579164745738,11.97748,3.919099164745738,32.72056530042829
20346,12.900639856985164,14.96339,2.0627501430148367,13.785312973964034
20349,13.138433822668937,17.46373,4.325296177331065,24.76731017561005
20350,3.1286913902280045,1.23931,1.8893813902280046,152.4543003952203
20352,16.460795550341725,17.35029,0.889494449658276,5.126683471332616
20353,12.304793558636824,6.63564,5.669153558636824,85.43491748553001
20354,13.469392068992272,12.29584,1.1735520689922723,9.54430172312158
20356,12.419291831189677,13.82404,1.4047481688103236,10.161632697896733
20357,12.965143319956464,18.325,5.359856680043535,29.24887683516254
20358,12.020099323163292,10.92,1.1000993231632918,10.074169626037472
20359,12.377856519670068,14.16642,1.7885634803299322,12.625373808837603
20361,14.843287597738628,13.57393,1.2693575977386278,9.35143762888587
20362,11.089949799315036,6.61718,4.472769799315036,67.59329199621344
20365,12.00903247738734,10.90371,1.1053224773873396,10.137122845227355
20366,11.91039531557216,10.34722,1.5631753155721597,15.10720092519691
20367,11.80657954438171,9.55006,2.2565195443817103,23.6283284542894
20372,10.705909607827031,4.66326,6.042649607827031,129.57994209688138
20375,11.47276279326692,4.38548,7.08728279326692,161.60791505757453
20379,11.323047541968428,6.4533,4.869747541968429,75.46135375650333
20380,13.640574881426154,14.64208,1.0015051185738457,6.839910166956099
20381,14.467658971981333,18.21145,3.7437910280186664,20.557347317312278
20382,12.42335783731707,9.3097,3.1136578373170707,33.445307983254786
20383,9.980243600739204,7.43444,2.5458036007392035,34.24338081602923
20384,14.07876413129509,7.21169,6.86707413129509,95.22142703437183
20385,10.799476179189408,7.4722,3.3272761791894085,44.52873556903467
20386,12.513322413995148,11.22573,1.2875924139951476,11.470010538246935
20388,12.798563298586428,6.65028,6.148283298586428,92.45149525413106
20396,10.768333780639637,5.93867,4.8296637806396365,81.32568033986796
20398,2.423989766476926,1.0473,1.3766897664769262,131.45132879565801
20400,10.841129484787505,9.74484,1.0962894847875049,11.2499485346861
20401,9.27095355530378,9.16454,0.10641355530377972,1.1611445343004636
20404,9.830613236309564,9.25704,0.5735732363095636,6.196076027645593
20406,12.842764858138484,10.27615,2.5666148581384842,24.976424615624378
20407,9.830039926393065,6.63483,3.1952099263930647,48.15812803633348
20409,6.355067829866772,2.40926,3.9458078298667716,163.77675426756645
20410,9.94433343176281,10.14597,0.20163656823718945,1.9873562432886107
20411,8.406262105549065,9.12526,0.7189978944509363,7.879204476923794
20416,1.2941414511417366,0.8585,0.4356414511417366,50.74449052320752
20418,1.353035874745169,0.5267000000000001,0.8263358747451689,156.88928702205598
20419,9.434731349338144,13.59539,4.160658650661857,30.6034519838111
20421,10.486191007746234,11.95817,1.4719789922537672,12.309400119364142
20422,0.8645921043690787,0.92601,0.06141789563092126,6.632530494370608
20424,9.410336814947543,5.42003,3.9903068149475436,73.6214894557326
20426,7.624045490067469,8.05316,0.4291145099325311,5.328523336585031
20428,2.229830914050199,1.65654,0.5732909140501989,34.60773141911448
20429,1.1323324181442451,0.99469,0.13764241814424516,13.837720108199052
20432,9.061077946003223,5.4624,3.5986779460032237,65.88089385623945
20433,12.635144102624048,15.75243,3.117285897375952,19.78923821515761
20434,8.751119690909636,8.25951,0.4916096909096357,5.952044260611533
20438,10.503371644702224,16.27824,5.774868355297777,35.47599958777962
20443,7.956302888151541,8.00212,0.045817111848458936,0.5725621691309171
20449,0.9997161642994434,1.08866,0.08894383570055653,8.170028815291875
20450,9.927117659615398,6.24297,3.684147659615398,59.01274008389274
20456,8.50103203386851,6.10371,2.3973220338685097,39.276473388619536
20463,7.639308319110546,10.21467,2.575361680889454,25.212382591796445
20464,8.206160574575144,3.55347,4.652690574575144,130.9337232219533
20465,7.608319833277141,3.54101,4.067309833277141,114.86298635917835
20466,8.182654332843356,7.27034,0.9123143328433558,12.548441102388002
20469,10.231401958499974,7.43516,2.7962419584999747,37.60836294713194
20470,9.029170790481588,8.27397,0.7552007904815881,9.12742964358812
20473,7.399610089502996,6.6120600000000005,0.7875500895029957,11.910812810273887
20474,9.716960403812356,9.65317,0.0637904038123569,0.6608233752472701
20480,7.605434466396952,5.21702,2.388414466396952,45.78120203481973
20482,8.441390791386747,5.68619,2.7552007913867467,48.45425128929471
20483,8.248139915357822,8.52225,0.274110084642178,3.216405111821151
20484,7.05796887692399,1.56548,5.49248887692399,350.8501467233047
20490,0.752990082316979,0.4861899999999999,0.26680008231697905,54.87568282296614
20497,6.963361431493279,5.5455,1.4178614314932796,25.567783454932464
20500,8.172537419371391,8.61567,0.4431325806286086,5.143332795111798
20502,7.391435713852346,5.83704,1.5543957138523457,26.6298622906875
20505,7.793875668122463,1.41934,6.374535668122463,449.1197083237605
20509,0.4545777675887397,1.10399,0.6494122324112603,58.82410460341673
20517,4.762582492659165,4.0131,0.7494824926591654,18.675898748079177
20520,7.804132675689856,6.9888,0.8153326756898558,11.66627569382234
20524,8.148793801803372,3.37671,4.7720838018033715,141.32347171665234
20530,7.626075931977857,2.70755,4.918525931977857,181.65965289571227
20532,5.714159438034396,6.38886,0.6747005619656044,10.560578287293888
20536,6.34638437676344,5.33565,1.0107343767634394,18.943041180801576
20538,6.386632787673694,6.02223,0.3644027876736935,6.05096098411541
20539,6.130541930299657,5.81923,0.31131193029965676,5.34971001832986
20549,6.0052544878511,4.18343,1.8218244878510994,43.54858304910323
20551,5.438250578760199,5.13514,0.3031105787601991,5.902674099638941
20555,4.381088059039534,1.79267,2.588418059039534,144.38898732279415
20560,5.281576468357668,5.1622,0.11937646835766724,2.3125114942789358
20561,0.4287246666869155,0.37611,0.0526146666869155,13.989169840449737
20563,5.655015406825534,7.4654,1.810384593174466,24.250336126322313
20565,5.559730869875237,3.83425,1.7254808698752369,45.00178313556072
20568,4.0488301085807095,2.85831,1.1905201085807096,41.651189289500074
20570,5.569915627457798,6.88673,1.3168143725422023,19.12103963045164
20572,4.292692307928636,3.90293,0.3897623079286361,9.986402726378287
20579,5.667873658596367,3.101,2.566873658596367,82.77567425334946
20583,4.996832216542462,3.65662,1.3402122165424615,36.651667839219314
20585,5.972821078500084,7.09842,1.1255989214999156,15.857034685182276
20586,0.769988830612476,0.33821,0.431778830612476,127.66589710903757
20596,4.357235629532599,4.49828,0.1410443704674016,3.135517808304543
20597,0.2064550903600087,0.23346,0.027004909639991304,11.56725333675632
20599,4.8501931052985565,4.55627,0.2939231052985569,6.450958904949815
20600,5.098823091201777,1.55091,3.547913091201777,228.76331258433936
20601,0.9783661417732384,0.57274,0.4056261417732384,70.82203823257296
20602,3.7630617186696016,3.26558,0.49748171866960167,15.234099874129608
20605,4.311714150166325,6.43393,2.122215849833675,32.98475192974862
20606,4.523586352295791,2.34434,2.179246352295791,92.95777712685835
20609,4.942612312920454,0.47173,4.4708823129204545,947.7629815615828
20612,4.775010924377382,4.18386,0.5911509243773816,14.12931896328705
20614,3.3432277848349816,2.23479,1.1084377848349818,49.5991920867277
20617,3.398531683320769,1.36963,2.028901683320769,148.13502064942864
20622,4.882332647279483,4.72215,0.16018264727948317,3.3921549988772735
20628,4.2544497226187845,3.28467,0.9697797226187843,29.524418666678365
20629,3.2013472378808707,2.32608,0.8752672378808706,37.62842369483726
20632,3.559148159335462,2.05983,1.4993181593354623,72.78844173234987
20636,0.4419983999462515,0.37304,0.06895839994625153,18.485524326145057
20637,4.514233858286322,4.74964,0.23540614171367835,4.9562944078641396
20639,4.249188663626665,4.9791,0.7299113363733349,14.659503451895622
20640,4.14920645781538,2.72739,1.4218164578153796,52.13102848567236
20641,3.224648802649748,2.19101,1.0336388026497483,47.17636170760281
20642,4.837962189025298,3.02384,1.8141221890252979,59.99398741419182
20644,2.3818965003465173,2.6208,0.23890349965348268,9.115670774323972
20647,2.647280892088688,1.92544,0.7218408920886881,37.48965909551521
20651,3.861823364839255,2.37627,1.4855533648392552,62.516185653955795
20652,4.459779528405394,3.69362,0.7661595284053941,20.742781564031873
20653,3.7149095706303297,3.43338,0.2815295706303296,8.199778953402467
20654,3.998644069645029,5.23921,1.240565930354971,23.678492184031008
20655,3.361777050515677,2.58001,0.7817670505156769,30.30093102413079
20658,3.686180398076114,3.40902,0.27716039807611415,8.130207451881013
20660,3.409198390623438,0.22825,3.180948390623438,1393.6247056400603
20661,3.7571149954935423,3.46726,0.2898549954935423,8.359770986125712
20663,0.2591416045860464,0.17495,0.08419160458604641,48.123237831406925
20664,2.7389017200611816,2.96002,0.2211182799388185,7.4701616860297735
20666,4.3823111974110365,2.184,2.1983111974110363,100.65527460673242
20670,0.2970504314672069,0.8472799999999999,0.550229568532793,64.94070065772745
20672,4.235749104367921,3.41448,0.8212691043679206,24.052538142496676
20676,1.7797542189662905,2.14578,0.3660257810337093,17.05793609007957
20677,2.412051023641696,2.29468,0.11737102364169605,5.114919014489865
20678,0.8829746213706439,0.391,0.49197462137064385,125.82471134799076
20680,3.4382729111132604,5.18177,1.7434970888867398,33.646747904417595
20684,2.956033672906002,0.76875,2.187283672906002,284.5247054186669
20685,0.5117479769041673,0.95115,0.43940202309583276,46.19692194667852
20693,3.3729954443197827,3.71123,0.3382345556802173,9.113812824325555
20696,3.406600189239474,4.999,1.5923998107605257,31.854367088628244
20697,2.8800957623267704,2.59869,0.2814057623267705,10.828754577374388
20699,1.294602528751159,3.03395,1.7393474712488408,57.329470533424775
20701,3.0879886017414453,3.76215,0.6741613982585548,17.919577854645745
20702,2.265766755287914,2.03063,0.23513675528791422,11.579497756258611
20705,2.9502559346647965,1.03194,1.9183159346647964,185.89413480093768
20706,3.4150083229533474,4.85225,1.4372416770466523,29.620107724182642
20708,2.894099217232758,4.31759,1.4234907827672418,32.969568272282494
20713,3.0217725701331912,1.468,1.5537725701331913,105.84281812896398
20714,3.291611899486673,4.22997,0.9383581005133266,22.18356396176159
20715,2.4000198888650446,1.62241,0.7776098888650447,47.92930818135026
20721,2.787214043950496,0.10375,2.6834640439504964,2586.4713676631295
20729,0.3812507845729238,0.3598,0.021450784572923765,5.961863416599156
20730,2.28954989231168,1.58932,0.7002298923116801,44.05845847983289
20733,3.374756500490008,1.11124,2.263516500490008,203.6928566727267
20735,2.885012191863796,1.37555,1.509462191863796,109.7351744294134
20737,3.0760073795606604,2.07177,1.0042373795606605,48.472435625608085
20739,2.970179741112867,2.92295,0.04722974111286682,1.6158244620286633
20742,1.8818784863262208,0.91993,0.9619484863262208,104.56757430741695
20744,2.2903151941524467,3.90804,1.6177248058475535,41.39478628283113
20745,2.50151808588013,1.30308,1.19843808588013,91.96964774842144
20749,2.8161249508299857,2.73283,0.08329495082998584,3.047937516420189
20751,1.6715581355044296,3.04284,1.3712818644955704,45.06585507274686
20756,2.3961520824327325,4.40403,2.007877917567267,45.59183106307785
20759,1.968372845441612,1.49063,0.47774284544161216,32.049726990709445
20761,2.615977385281535,2.47668,0.13929738528153512,5.62435943608117
20765,0.6036589086226609,0.25988,0.3437789086226609,132.28371118310793
20768,2.010255875045893,1.51197,0.49828587504589295,32.956068906518844
20773,0.5427146963618323,0.18296,0.3597546963618323,196.63024506003077
20781,1.489819299810044,0.70834,0.7814792998100439,110.32545102776123
20786,1.752596506402252,0.60138,1.151216506402252,191.4291307330227
20788,1.0081272872369162,1.47053,0.46240271276308365,31.444629675224828
20789,1.6084233647953716,1.44643,0.16199336479537152,11.19953020853906
20793,2.0407489670783203,2.64061,0.5998610329216798,22.71675987448657
20800,1.3486669507700504,0.66127,0.6873969507700504,103.9510261723729
20801,1.9801267096270727,1.66194,0.31818670962707274,19.14549921339355
20802,1.2478006202122474,1.04494,0.20286062021224738,19.413614199116445
20803,1.0752490715696927,1.01973,0.05551907156969271,5.444487420169331
20807,2.210798896704853,2.14955,0.061248896704853006,2.8493822755857274
20810,1.97247054803822,1.60242,0.37005054803822013,23.09323074089316
20812,1.5493467037720188,0.76986,0.7794867037720188,101.25044862338852
20820,1.9748481596423528,1.86661,0.10823815964235273,5.798648868395258
20823,1.8269678878912872,1.7907,0.03626788789128721,2.025346953218697
20824,1.714442610086251,0.28688,1.427562610086251,497.6166376485816
20826,1.244897494706542,1.78647,0.5415725052934579,30.31523089072069
20828,1.804865090283562,0.47617,1.328695090283562,279.0379675921545
20830,1.20126478467719,1.11598,0.08528478467719003,7.642142751410422
20831,1.8871356274742888,2.65266,0.7655243725257113,28.858744525333485
20838,1.6420430817963585,1.96905,0.3270069182036415,16.607344567362002
20840,1.6967127250383682,1.73797,0.041257274961631785,2.3738772799088466
20843,1.860772309774019,0.77417,1.086602309774019,140.35706753994845
20846,1.2196858093982117,0.55875,0.6609358093982117,118.28828803547412
20847,1.1520667647945,1.02539,0.12667676479449996,12.354008210973381
20849,1.6818609959105957,2.0799600000000003,0.3980990040894046,19.13974326859192
20852,1.3378564796323618,0.29701,1.0408464796323618,350.44156076642594
20862,1.9190372821565,1.30819,0.6108472821565001,46.69407977101951
20863,1.396027730982902,1.09065,0.305377730982902,27.999608580470547
20864,1.4747067764961632,1.22199,0.2527167764961633,20.680756511605114
20865,1.475059447143242,1.69039,0.21533055285675795,12.738513174874317
20870,1.2615420906573132,1.32583,0.06428790934268691,4.848880274445963
20879,1.6112965868572806,1.46764,0.14365658685728055,9.788271432863683
20882,1.4275350798209456,1.48505,0.05751492017905435,3.8729281962933473
20883,1.0742765324539467,0.86097,0.2133065324539467,24.775141114550646
20885,1.300319385791055,1.47849,0.17817061420894498,12.050850138245437
20892,1.2582991308763636,1.0854,0.17289913087636366,15.929531129202475
20894,1.568972898594733,1.89225,0.3232771014052669,17.08427012314794
20901,1.0604447093666454,0.73891,0.3215347093666454,43.51473242568722
20906,0.8964236383214641,0.72535,0.17107363832146405,23.584978054934037
20913,1.341817903870742,0.78256,0.559257903870742,71.46517888350313
20919,1.0203381001914713,0.43074,0.5895981001914713,136.8802758488813
20922,0.7715505006525653,1.04686,0.27530949934743465,26.298597648915294
20925,0.717149495397934,0.53211,0.18503949539793407,34.77466978593412
20931,1.0543999648317277,1.43487,0.3804700351682724,26.515993446672688
20936,0.9834853181854032,0.16453,0.8189553181854032,497.7544023493607
20937,0.8761640056761703,1.03081,0.15464599432382975,15.002376221013547
20941,0.6615978688840907,0.82051,0.1589121311159093,19.36748255547273
20947,0.8543735913910769,0.45535,0.39902359139107696,87.6300848558421
20948,0.7524078959096562,0.41822,0.3341878959096562,79.90720097308981
20949,1.0926238335627751,0.88794,0.2046838335627752,23.051538793474244
20956,0.7310471083308655,0.59267,0.13837710833086547,23.348087186944753
20957,0.8825719719762485,1.10726,0.22468802802375143,20.29225547963003
20961,0.9036342244616228,0.83519,0.0684442244616228,8.195048367631653
20965,0.7915132294502274,0.55034,0.24117322945022734,43.82258775488377
20970,0.5383321729242339,0.43677,0.10156217292423386,23.253010262663157
20976,0.6381031758178958,0.61586,0.02224317581789581,3.6117260120637504
20982,0.7273300881798698,0.1317799999999999,0.5955500881798699,451.9275217634469
20985,0.794773593017776,0.7459899999999999,0.04878359301777602,6.539443292507409
20986,0.9130515829656828,0.57885,0.3342015829656828,57.735438017739106
20991,0.4834184708368175,0.14446,0.3389584708368175,234.63828799447427
20994,0.4431634629201426,0.18545,0.2577134629201426,138.9665478135037
21008,0.5853325113989056,0.99321,0.4078774886010944,41.06659101308831
21014,0.6775351360174648,1.09473,0.41719486398253514,38.109384412826465
21016,0.4893299939407789,0.45426,0.03506999394077892,7.720246982076107
21024,0.5457438515913748,0.39419,0.15155385159137486,38.44690418107381
21028,0.567113347163985,0.54486,0.02225334716398497,4.084232126415037
21032,0.4426129469341279,0.17637,0.26624294693412787,150.95704878047732
21038,0.4631250324416888,0.4357,0.027425032441688812,6.2944761169815955
21048,0.2648053220343453,0.45052,0.18571467796565466,41.22229378621475
21049,0.3047533333819984,0.3082999999999999,0.003546666618001515,1.1503946214730834
21055,0.4050284993835507,0.41164,0.006611500616449328,1.6061365796446723
21057,0.4996552307832101,0.67593,0.17627476921678992,26.078849765033347
21077,0.2043661462321091,0.21584,0.011473853767890896,5.315907045909421
21080,0.4698528112450393,0.3766899999999999,0.09316281124503939,24.73195764289984
21088,0.271065242044866,0.08061,0.19045524204486597,236.26751277120204
21131,0.2009046634264899,0.08076,0.12014466342648991,148.767537675198
21170,0.1813390359995736,0.04078,0.1405590359995736,344.67640019512896
21182,0.0885517118919856,0.06688,0.021671711891985607,32.40387543658135
21190,0.1570472356454981,0.13297,0.024077235645498102,18.107269042263745
21192,0.0380169613210965,0.0123799999999999,0.0256369613210966,207.08369403147663
21200,0.1079711670416243,0.12786,0.019888832958375707,15.555164209585254
21202,0.0659192961161636,0.04587,0.020049296116163594,43.708951637592314
21218,0.0210099751589881,0.03348,0.012470024841011902,37.24619128139756
21222,0.0615002577780065,0.02184,0.039660257778006504,181.5945868956342
20514,7.264065116211757,5.77288,1.4911851162117573,25.83086979482957
20578,5.229069937753845,3.4644,1.7646699377538453,50.93724563427564
20878,1.607783726599432,1.26697,0.340813726599432,26.899905017437824
21224,0.084006699265877,0.07537,0.008636699265876999,11.459067620906193
20588,4.30520010501059,0.6005999999999999,3.7046001050105897,616.8165343007976
20724,3.240532029955859,1.47147,1.769062029955859,120.22413164766247
20743,2.650987544413505,1.11232,1.5386675444135052,138.3295764180726
20771,2.2926649666536507,0.95168,1.3409849666536506,140.90712914568456
20945,1.4628405595145384,0.86828,0.5945605595145383,68.47567138648112
20951,1.4040423119320158,0.3287,1.0753423119320158,327.15007968725763
20319,16.384524863866403,11.81172,4.572804863866404,38.714131928850364
20390,10.601325550531008,9.2709,1.3304255505310092,14.35055442870713
20415,6.492221676676935,4.85906,1.6331616766769343,33.61065055127811
20447,8.430687974926489,6.65567,1.775017974926489,26.669260569206244
20478,4.883212847799095,5.35491,0.471697152200905,8.80868496764474
20508,4.382831209893375,4.02445,0.3583812098933752,8.905097836806899
20667,4.488838103272896,2.54736,1.9414781032728965,76.21530146005655
20298,17.546718762180525,11.28594,6.260778762180525,55.47414537185671
20343,15.236396282697656,11.96007,3.2763262826976565,27.393872131999697
20377,13.22900691057994,7.24521,5.98379691057994,82.58969595884646
20417,11.861726416422693,7.38835,4.473376416422693,60.546352249456135
20750,2.750882305224529,1.37322,1.377662305224529,100.3234955232613
20832,2.5796004947452333,0.23123,2.3483704947452333,1015.5994009190993
20855,2.077319769620756,1.27043,0.8068897696207562,63.51312308594383
20877,1.4607471330234842,0.8133,0.6474471330234842,79.60741829871931
20914,1.3522440872903585,1.06175,0.2904940872903585,27.359932874062494
20996,0.927260948732365,0.22495,0.702310948732365,312.20757889858413
21003,0.7011955554049101,0.44116,0.2600355554049101,58.943593119256064
21027,0.8609951181197275,1.73954,0.8785448818802726,50.504436913222605
20049,206.5027460088274,124.84836,81.65438600882739,65.40285031283342
20453,10.871706483576478,16.32757,5.455863516423523,33.41503675331677
20657,2.995062244716312,3.71165,0.7165877552836881,19.306447409741978
20741,1.6821761942029254,1.35364,0.32853619420292546,24.27057372735184
20777,3.202380437946574,2.07783,1.1245504379465738,54.12138808018817
20402,14.792723107748708,15.10782,0.315096892251292,2.0856542654816645
20496,7.908577047306522,6.49094,1.4176370473065214,21.84024266603175
20542,8.04814127060501,8.25353,0.20538872939498987,2.4884955818297123
20624,6.100847991585918,5.34485,0.7559979915859181,14.144419236946181
20775,3.0046288406357,2.19749,0.8071388406356999,36.73003475036063
20818,1.9429691172836057,1.56334,0.3796291172836057,24.283208853071354
20202,40.56274021440064,24.48113,16.08161021440064,65.68981993233417
20334,17.79284574488009,0.1863199999999999,17.60652574488009,9449.616651395503
20337,19.9735837050276,13.82469,6.1488937050276,44.4776244894287
20340,18.70246828699617,8.06882,10.633648286996168,131.78690672237286
20544,8.467554214172218,6.43633,2.0312242141722177,31.55873322486911
20552,5.529767742065241,2.39711,3.132657742065241,130.68477216586808
20574,6.347526493849076,2.60938,3.738146493849076,143.258034239899
20589,6.207003064048891,6.74483,0.5378269359511094,7.973913885911274
20646,6.574628549696531,4.05327,2.5213585496965303,62.205541444229716
20758,2.4138696464438274,4.3724300000000005,1.958560353556173,44.793406722490076
20809,2.565225175913727,3.19917,0.6339448240862731,19.815915505780342
21167,0.207877549390161,0.1055099999999999,0.10236754939016111,97.02165613701186
21180,0.1328794843232983,0.02,0.1128794843232983,564.3974216164914
20112,79.17495735095122,107.06263,27.88767264904878,26.047998866690254
20297,21.817802991953336,35.089,13.271197008046663,37.821530987051965
20306,24.02527265697104,32.270920000000004,8.245647343028963,25.551324049729484
20323,25.31991743376758,24.40797,0.9119474337675797,3.736269070174946
20344,18.741134656014104,15.9908,2.750334656014104,17.199481301836705
20348,17.25266815622713,11.72618,5.526488156227131,47.129484250004104
20387,16.712968855098882,8.58751,8.125458855098882,94.61949802793687
20403,15.070406872913894,10.9533,4.117106872913894,37.5878216876548
20567,8.31127120881822,7.02946,1.281811208818219,18.234846045332343
21118,0.3665850904936079,0.30167,0.06491509049360789,21.518576753939033
21155,0.3474196604703439,0.23501,0.1124096604703439,47.831862674075104
21184,0.2423094333915148,0.15858,0.08372943339151481,52.79949135547661
21194,0.1582578423466553,0.08985,0.0684078423466553,76.13560639583228
21207,0.163383408227439,0.1208,0.04258340822743899,35.251165751191216
21212,0.1267955525326671,0.10563,0.02116555253266711,20.037444412257038
20164,57.75286652725111,71.3349,13.582033472748897,19.039815676126125
20203,30.337030201702287,55.2097,24.87266979829771,45.05126779949485
20218,30.702662864148373,31.36932,0.6666571358516258,2.125188355538551
20479,10.883074061362844,7.92463,2.9584440613628447,37.332267391194854
21065,0.725657339782541,0.59662,0.12903733978254095,21.628061376175946
20237,38.730683113776806,29.51673,9.213953113776807,31.216036172627547
20395,13.260358193960329,26.65657,13.39621180603967,50.25482200463027
20513,7.173855297026888,12.77476,5.6009047029731125,43.843521936796556
20576,4.01119745797256,12.3194,8.30820254202744,67.43999336028898
20604,4.20230236108343,13.17988,8.977577638916571,68.11577676668202
21157,0.22992816747668,0.16893,0.06099816747667999,36.108546425549044
20126,81.33578933836624,94.95288,13.617090661633753,14.340892726617408
20135,90.15816980169596,101.03175,10.87358019830404,10.762537715425141
20150,73.35802970203525,51.35196,22.006069702035255,42.853417283459585
20262,25.93884731423632,25.6396,0.2992473142363181,1.1671294179172766
20351,24.7502203242832,14.08152,10.668700324283202,75.76384029766106
20368,20.604129936870617,10.4105,10.193629936870616,97.91681414793348
20378,20.048258608640488,7.68167,12.366588608640487,160.9882826083454
20481,8.380099733174083,8.74287,0.3627702668259172,4.149327015338409
20488,11.494739345706428,8.62499,2.8697493457064276,33.272494758909026
20541,10.230829243118272,8.18859,2.0422392431182725,24.94005980416986
20571,7.672498490026717,7.32115,0.35134849002671675,4.799088804719433
20811,3.667115815706752,2.65751,1.009605815706752,37.9906685471269
20130,88.98955245836214,83.3077,5.681852458362144,6.820320880737488
20143,85.80331559191441,29.92779,55.87552559191441,186.7011416209296
20159,69.49639113900427,61.78339,7.713001139004277,12.483939678616334
20170,64.14382382078884,64.4108,0.2669761792111558,0.41448977378196794
20266,37.43664904570359,49.55769,12.121040954296411,24.458446215504416
20364,23.930417094512286,30.7114,6.780982905487715,22.079693226253816
20389,25.684876532283475,34.54417,8.859293467716526,25.64627683257848
21034,1.0249515910125455,0.55135,0.4736015910125455,85.8985383173203
21040,1.0897581950329498,0.6441600000000001,0.44559819503294973,69.17507995419612
21126,0.436497379967356,0.47548,0.03898262003264402,8.198582491933209
21164,0.3049847498677087,0.15114,0.15384474986770869,101.78956587780117
21176,0.3073607551080499,0.44148,0.1341192448919501,30.37946110626758
20089,189.03018049000863,102.33626,86.69392049000864,84.71476335954493
20459,18.800326709971195,15.42616,3.3741667099711954,21.873017717767713
20522,13.553409408965878,12.64676,0.9066494089658779,7.169025180883308
20638,5.970287201165158,8.33849,2.368202798834842,28.400859134385747
20503,14.40261612015842,0.83948,13.56313612015842,1615.6592319243366
20679,6.103419665745344,10.29418,4.190760334254657,40.709996660779744
20783,3.1278720667341453,3.65745,0.5295779332658546,14.479430566811702
20853,2.757021848890388,2.89842,0.14139815110961207,4.878456231657664
21084,0.85702359274495,0.4728799999999999,0.3841435927449501,81.23489949774788
20495,16.141986553657976,12.65039,3.491596553657976,27.60070285309762
20523,17.04757536430722,7.63168,9.415895364307222,123.37906416814151
20527,14.345034329824804,7.74072,6.604314329824804,85.31912186236946
20540,15.063421652840862,6.4430000000000005,8.62042165284086,133.7951521471498
20553,13.532102892995736,7.04809,6.484012892995736,91.99673802399991
20559,13.378523005136527,7.1281,6.250423005136527,87.6870835866013
20569,8.86969816431979,12.84918,3.979481835680211,30.970706579565473
20611,11.275866272497344,9.19572,2.0801462724973447,22.620809164451995
20682,8.578551784217069,5.3508,3.2277517842170695,60.32278882068233
20902,2.7987004931370607,1.56067,1.2380304931370607,79.32685917824143
20908,2.338427906062772,2.29554,0.04288790606277226,1.8683144734037422
20967,1.7586364349574717,1.55408,0.20455643495747178,13.162542144385862
20997,1.7143815299851064,0.88972,0.8246615299851064,92.68775906859534
21142,0.5168976023017076,0.1070199999999999,0.40987760230170767,382.9915925076696
21191,0.1512081214408337,0.09023,0.0609781214408337,67.58076187613177
21209,0.1105484577955804,0.07853,0.03201845779558039,40.77226256918426
21226,0.1406336140684649,0.04866,0.09197361406846488,189.0127703831995
21233,0.059441934553907,0.03557,0.023871934553907,67.1125514588333
21245,0.0312051247961033,0.02403,0.007175124796103299,29.85902953018435
20085,159.1437951107145,221.56404,62.4202448892855,28.17255222882084
20408,17.833826359765048,11.77663,6.057196359765047,51.434038088698095
20477,11.28994328400951,6.01202,5.2779232840095105,87.78951640229924
20700,3.7397715898905832,3.11353,0.6262415898905833,20.113555671234366
20709,7.690105362261255,8.64319,0.9530846377387459,11.02700088438118
20917,2.9477560661637447,2.29184,0.6559160661637446,28.6196272935172
20990,1.2025009518222154,0.4538,0.7487009518222154,164.9847844473811
21001,0.8330116148415786,0.52382,0.30919161484157864,59.02630957992797
21022,1.3054651262221513,0.76216,0.5433051262221513,71.28491736933864
21037,0.7743592421615186,0.4412,0.33315924216151865,75.51206757967331
21056,1.19574482700116,0.64179,0.5539548270011599,86.31403216023308
21201,0.2906229313114514,0.18025,0.1103729313114514,61.233248993870404
21244,0.0409027074284086,0.01552,0.025382707428408598,163.5483726057255
21246,0.0337907227668144,0.02117,0.012620722766814398,59.61607353242512
21248,0.0373684565148038,0.01129,0.026078456514803797,230.98721448010448
21256,0.0251203158929028,0.0127099999999999,0.0124103158929029,97.64213920458693
21259,0.0326546024684398,0.01412,0.018534602468439798,131.26489000311472
21262,0.0372228840071029,0.01834,0.0188828840071029,102.96010908998309
21263,0.0320669951420449,0.0127,0.019366995142044898,152.49602474051102
20460,13.637308632115484,8.94893,4.688378632115484,52.39038222575753
20547,14.246090826969064,12.23047,2.015620826969064,16.48032190888056
20558,16.805038621693022,3.458,13.347038621693022,385.97566864352285
20580,17.95809261386146,15.91044,2.0476526138614606,12.869867922329368
20627,9.471740079127162,9.34447,0.12727007912716282,1.3619828532507765
20689,10.165296369921949,2.2932,7.872096369921948,343.27997426835634
20817,7.163447980984391,1.35408,5.8093679809843914,429.0269393968149
20835,6.782030509173762,0.97552,5.806510509173761,595.2220876223718
21093,0.9053250449128044,0.2881,0.6172250449128044,214.2398628645624
21105,0.971429283551012,0.43487,0.536559283551012,123.38383506588453
20032,665.3418597757138,527.79811,137.54374977571388,26.059917072403664
21153,0.700979004693585,0.25441,0.44656900469358496,175.53123096324236
21159,0.5512253847339942,0.14194,0.4092853847339942,288.3509826222306
21168,0.5597282876807342,0.14085,0.4188782876807342,297.39317549217907
20286,49.99120324742219,50.55931,0.5681067525778118,1.1236441964453467
20442,19.70639626319705,23.79055,4.08415373680295,17.167126177423178
20491,17.79652634845652,11.94289,5.85363634845652,49.013566636354525
20548,21.919998221320096,12.24028,9.679718221320096,79.08085616767015
20620,11.05833122079331,6.91217,4.14616122079331,59.983496077111965
20623,14.4804481477176,10.20951,4.270938147717601,41.832939560445126
20659,13.1684126788309,7.73487,5.433542678830901,70.2473691067969
20757,5.455762112889994,2.37376,3.0820021128899944,129.8362982310762
21033,1.1808557905962371,1.267,0.08614420940376277,6.7990694083474965
21073,1.3057913306165754,0.75292,0.5528713306165753,73.43028882438709
21252,0.1135365680202604,0.0856,0.0279365680202604,32.63617759376215
21265,0.0928166820465058,0.0500699999999999,0.0427466820465059,85.37384071600955
21266,0.1002971291527543,0.05121,0.049087129152754296,95.85457752929955
21267,0.0790901568274622,0.01569,0.06340015682746221,404.08003076776424
21276,0.0198042870306051,0.0089199999999999,0.010884287030605198,122.02115505162917
20355,44.16896184945796,25.633470000000003,18.535491849457955,72.30972571976386
20414,31.941468118853187,28.50819,3.4332781188531882,12.043129075725917
20458,26.332492871468528,22.48458,3.8479128714685267,17.11356347980939
20476,23.823989440567324,19.73377,4.090219440567324,20.7270047262501
20510,18.717408000123925,9.0775,9.639908000123924,106.19562655052519
20521,21.34181066570988,9.54402,11.79779066570988,123.6144797025769
20525,18.17067411778104,15.9413,2.22937411778104,13.984895320839833
20526,18.468489511982472,13.65706,4.811429511982473,35.23034615050731
20531,17.80359890300719,12.40991,5.393688903007192,43.462755999094206
20537,17.99789378322891,12.0668,5.93109378322891,49.15216779286066
20575,18.109419295271103,9.11891,8.990509295271103,98.59192924670934
20577,17.46604654383121,8.44628,9.019766543831212,106.78981212831225
20593,13.512995094537334,8.18131,5.331685094537335,65.16908776879662
20603,16.55371339084668,7.70408,8.84963339084668,114.86943789325501
20633,14.370590312076386,6.92866,7.441930312076386,107.40793042343522
20681,12.511594526749032,8.83008,3.681514526749032,41.692878510149754
20719,7.699788500733363,7.74604,0.04625149926663674,0.5970986370666398
20746,7.744673092811164,4.26365,3.4810230928111636,81.64420374118802
20785,7.042528033540484,2.93047,4.1120580335404835,140.32076880297302
20795,8.004201805066106,3.56276,4.441441805066106,124.66295246006204
20822,6.164006450722807,5.92346,0.24054645072280678,4.060911202621555
20859,2.7016313016744737,3.06268,0.3610486983255261,11.788652367388238
20907,4.813658139896171,3.47802,1.3356381398961714,38.4022558782345
20920,3.847395115659898,2.4836,1.3637951156598977,54.91202752697285
20966,1.4015422190727025,1.73472,0.33317778092729755,19.20642990957028
20987,2.0443362015201165,0.16926,1.8750762015201166,1107.808224932126
21086,1.3363262289487488,0.63302,0.7033062289487487,111.1033188443886
21092,0.9702389444318812,0.99937,0.02913105556811879,2.9149419702531385
21179,0.6180460654072701,0.29605,0.32199606540727016,108.76408221829766
21196,0.3894652011507972,0.1944,0.1950652011507972,100.34218166193271
20754,9.589783898617362,8.55531,1.034473898617362,12.091600405097676
20924,2.0534970877160426,3.70952,1.6560229122839574,44.64251203077372
20928,5.737917302823574,2.92793,2.809987302823574,95.9718061163885
20932,2.749851714184943,1.87,0.8798517141849427,47.05089380668143
20946,3.060889954304189,3.14228,0.08139004569581099,2.5901589195046584
21042,1.1181121204518258,1.61798,0.49986787954817413,30.894564799822877
21044,1.1336988168904123,1.76904,0.6353411831095876,35.91446112635032
21064,0.5733938067328106,0.32759,0.2458038067328106,75.03397745132959
21074,1.77171569963719,0.00311,1.76860569963719,56868.350470649195
21099,0.3076272830299557,0.17034,0.1372872830299557,80.59603324524815
21135,0.5389581599727591,0.29346,0.2454981599727591,83.65643016859507
21163,0.5653147478263427,0.339,0.2263147478263427,66.75951263313944
21171,0.6002800570974959,0.30362,0.2966600570974959,97.70767969748235
20174,136.7716444258669,91.1178,45.65384442586689,50.10419964690422
20592,15.726624080666072,12.04725,3.679374080666072,30.541194718015085
20649,9.494043849107053,14.79183,5.2977861508929465,35.815623563094945
20674,8.486624322351496,8.38539,0.10123432235149643,1.2072702921569116
20691,11.132970629757008,7.99868,3.1342906297570075,39.18509841320077
20732,10.099241023380197,5.96173,4.137511023380196,69.401180921984
20772,10.914835934923053,2.53867,8.376165934923053,329.94307786845286
20774,5.435526537249953,5.44871,0.013183462750046893,0.24195566932442525
20827,4.279701888471969,2.60942,1.670281888471969,64.00969903166101
20927,4.370796583993382,3.05867,1.3121265839933818,42.898599194858605
21007,2.97080887141532,1.8007300000000002,1.1700788714153196,64.97802954442473
21111,1.2647485898996924,1.46188,0.19713141010030766,13.484787403911923
21114,1.5783883380534798,1.49352,0.08486833805347982,5.682437332843204
21119,1.265280336858364,1.14641,0.11887033685836412,10.36892009476227
21140,1.1116925714147847,0.55694,0.5547525714147847,99.60724160857269
21227,0.1998674269948867,0.42182,0.22195257300511329,52.617840075177405
20236,97.54845933071704,34.70341,62.84504933071704,181.09185619141473
20261,67.65386291640263,43.74576,23.908102916402633,54.65238897758922
20440,43.07137384422789,34.28062,8.790753844227893,25.64350891036362
20615,15.332133087864335,14.06805,1.2640830878643357,8.985489018480427
20621,15.233324251166804,7.23179,8.001534251166804,110.64389661711422
20662,10.679304985302052,11.50205,0.8227450146979489,7.153029370398745
20673,15.059320341451114,9.15194,5.907380341451114,64.54784823164394
20711,11.460051665529296,7.00535,4.454701665529296,63.589994297633886
20720,12.185506205810382,8.95012,3.235386205810382,36.14908186494016
20845,1.729646125755919,2.22201,0.492363874244081,22.158490476824184
20886,1.2353185585063826,1.09253,0.1427885585063826,13.069532050047378
20904,3.822916405276035,4.55923,0.7363135947239652,16.14995503021267
20910,3.855228909987592,5.20738,1.3521510900124079,25.966053754717493
20912,4.0019145122913615,3.03888,0.9630345122913617,31.690442277791874
20933,3.1128190611332016,3.68027,0.5674509388667985,15.418731203601869
20953,1.208920652988997,2.3988,1.189879347011003,49.603107679298105
21006,2.432252541149424,0.96358,1.4686725411494241,152.4183296819594
21035,1.9608640872529204,1.80884,0.15202408725292038,8.404507156681651
21039,1.6302267888647437,1.94374,0.3135132111352563,16.129380016630634
21079,1.9346511581502064,0.68459,1.2500611581502064,182.59997343668567
21109,1.6926511666287776,0.9539,0.7387511666287776,77.44534716728982
21112,1.35664671714661,0.55859,0.7980567171466099,142.86985394414685
20213,91.32927992517996,58.84043,32.48884992517996,55.21518099915307
20257,77.20629659803673,51.77148,25.434816598036733,49.12901195414297
20694,11.960239696871978,8.90416,3.0560796968719792,34.32193151147306
20762,9.028994974221575,6.82849,2.200504974221575,32.22535251895478
20815,8.278523916053775,6.33522,1.9433039160537753,30.674608238605373
20899,2.9088967642439174,2.32761,0.5812867642439175,24.973546437930644
20942,1.461182301289985,1.72156,0.26037769871001504,15.124520708544287
20968,2.659743567894876,1.91479,0.7449535678948762,38.9052359733901
21058,1.505427289641157,1.84115,0.33572271035884316,18.23440297416523
21097,1.457253305150093,1.34469,0.11256330515009316,8.370948333823645
21110,1.5055713459380131,1.52502,0.019448654061986925,1.275304852525667
21129,0.7916474828370075,0.7841,0.007547482837007458,0.9625663610518375
21144,0.9553571514083982,0.36366,0.5916971514083982,162.7061407381615
21146,1.3466929457086196,0.39513,0.9515629457086197,240.8227534504137
21154,1.14339499284866,0.12383,1.01956499284866,823.3586310657031
20127,157.53275221609562,170.32792,12.79516778390439,7.512078926287827
20210,107.02778947341594,58.78261,48.24517947341594,82.0738981705915
20686,15.574656905389345,9.60049,5.974166905389344,62.22772905746836
20703,15.732957759086124,9.4657,6.2672577590861245,66.21018793207185
20962,4.689484050016199,1.99182,2.6976640500161997,135.4371404050667
20975,4.380650836579344,1.69045,2.6902008365793435,159.14110660352827
20995,4.081264149497418,1.55285,2.5284141494974177,162.8241072542369
21087,0.8245914045658514,1.02205,0.19745859543414845,19.319856703111242
21214,0.235958380184275,0.24428,0.00832161981572499,3.4065907220095752
