product_id,tn_predicha,tn_real
20524,0.12562107054016197,3.37671
20311,0.2101746628229916,18.16724
20654,0.027644513988579623,5.23921
21005,0.031107198171969414,0.17821
20974,0.04070936330036954,0.23237000000000002
20828,0.03652380498835723,0.47617
20941,0.012205274455837564,0.82051
20803,0.017462950055445105,1.01973
20781,0.026454215435945703,0.70834
20313,0.7266913433675646,27.15804
20224,0.3437214909895313,21.26943
20232,0.3481337226126063,28.2828
20158,0.5573574308393048,55.02588
21048,0.008304262274717093,0.45052000000000003
20086,0.510963787288371,42.51979
20852,0.02927235366619708,0.29701
20948,0.011458457548096912,0.41822
20283,0.13540385477273986,12.82352
20937,0.01586063691699363,1.03081
21080,0.008711073383119687,0.37669
20947,0.01731381080113312,0.45535
20812,0.02316819999492931,0.76986
20970,0.013984603998697782,0.43677
20609,0.08177588442270944,0.47173
20051,1.1845368252255335,132.46038000000001
20242,0.331723704798713,4.03604
20325,0.19692580526041542,5.26778
20033,1.203896794735948,96.76212
21088,0.005950329730599194,0.08061
20432,0.0635363793472336,5.4624
20424,0.06112981816200849,5.42003
20505,0.05249656583367753,1.41934
20484,0.0517088792105286,1.56548
20641,0.052536196013747594,2.19101
20721,0.042892983386097164,0.10375000000000001
20660,0.050021812212294306,0.22825
20925,0.02430205565436907,0.53211
21032,0.006452423558414698,0.17637
20730,0.0425254948351427,1.5893199999999998
20388,0.17570672651441377,6.65028
20119,0.742417304682473,36.26867
20129,0.6262867697435417,52.92339
20053,0.9008786634256842,146.36584
20846,0.018408199438119437,0.55875
20007,2.7543951239234037,390.43432
20055,1.0995592835730998,65.85747
20810,0.019470461540368453,1.60242
20672,0.03278627420147298,3.41448
20190,0.43059218161202095,14.32788
20148,0.319057924296736,57.16338
20233,0.17788527802794488,35.59532
20345,0.20253672479380647,1.1223
20162,0.3945684795196507,51.43634
20366,0.1631791263072238,10.34722
20308,0.1847292701877542,13.1908
20482,0.09099689289963774,5.68619
20606,0.045144257255680956,2.34434
20745,0.033871406902712925,1.30308
20579,0.05495147111998864,3.101
20713,0.03551316231718879,1.468
20470,0.10456308286617802,8.27397
20596,0.05742441842443523,4.49828
20824,0.03868204770257275,0.28688
20039,1.1110634649915245,128.40394
20082,0.6315182184249233,78.87082
20656,0.04901725578448913,0.00903
20361,0.193554146484613,13.573929999999999
20322,0.2582833328357264,5.57864
20207,0.3615317749740212,18.51692
20796,0.07309868470741233,0.7135
20281,0.1979497914561349,9.81001
20120,0.35791164776649814,72.21068
20132,0.3374432502368284,40.09161
20353,0.12074183892460583,6.63564
20111,0.36606358434981584,93.88818
20605,0.04910687481268135,6.43393
20276,0.10390812941095304,18.62694
20701,0.020797524999114164,3.76215
20864,0.03049266786323089,1.2219900000000001
20076,0.6450411552271994,68.45922
20744,0.02689464711592452,3.9080399999999997
20253,0.26442053307911206,15.26885
20027,1.2023831619134906,155.25876
20068,0.8185501274426411,92.92737
20549,0.10799531052252917,4.1834299999999995
20594,0.08042998830307821,8.15649
20708,0.049120402370961824,4.31759
20463,0.10473957094251463,10.21467
20570,0.08308886822456901,6.88673
20714,0.03959809441036695,4.22997
20661,0.045088001608855774,3.46726
20693,0.035641189139742194,3.71123
20538,0.06265130125442969,6.02223
20922,0.017025389332999408,1.04686
20786,0.04663989298116178,0.60138
21063,0.009942399297966606,0.37322
20466,0.15910710276103382,7.27034
20532,0.12382424503057012,6.38886
20960,0.024730207091691853,0.55692
20380,0.12295647819386077,14.64208
20438,0.10137602822859039,16.27824
20404,0.14821017583912763,9.25704
20117,0.39660080503425854,36.0325
20680,0.05729353803975214,5.18177
20407,0.07400689504367577,6.63483
20285,0.22341028845538416,4.3322
20936,0.030424419054174843,0.16453
20346,0.20199190437602255,14.96339
20372,0.18300297803139684,4.66326
20381,0.12216440402536377,18.21145
20352,0.13343900259424663,17.35029
20850,0.030568432917510248,0.12667
20005,4.265910382508103,593.24443
20004,3.9856458754427364,637.90002
20003,5.268720989182494,892.5012899999999
20379,0.1842560991447122,6.4533
20019,2.506990348645015,351.54708
20394,0.07818492115124762,0.07613
20501,0.13114037499126924,3.38192
20800,0.02762520988970795,0.66127
20411,0.06274231710750212,9.12526
20272,0.1065728786840495,12.66437
20778,0.03268649228333734,0.6450899999999999
20617,0.05339960722878483,1.36963
20057,0.8057630186141505,141.36774
20052,1.9680865547984148,95.51068
20384,0.23551745765607943,7.21169
20108,0.5157705573474943,58.34718
20118,0.8644553499232979,61.15123
20454,0.2544954606255328,4.1258
20046,1.3622784577337437,149.9563
20645,0.1483891533779005,2.48649
20683,0.04925227934758115,0.74434
20142,0.5093994689800546,35.89411
20240,0.32941698665583224,19.51977
20259,0.409529594509474,12.43223
20565,0.15993314424093147,3.83425
20396,0.10697718673161702,5.93867
20399,0.22519813736077965,7.080299999999999
20892,0.03495455480803819,1.0854000000000001
20125,0.47264647173274815,47.559329999999996
20139,0.42201315974709275,53.48889
20093,0.5274868161861823,73.28412
20101,0.5187840829569436,72.80091
20106,0.5149757515953546,74.51262
20123,0.45611286502439813,59.14818
20894,0.035654743545510445,1.89225
20879,0.03448416129111257,1.46764
20360,0.26508092384508775,3.0519700000000003
20048,1.2305128839286703,58.89241
20077,0.9300012292767672,34.58847
20194,0.44414325848876346,9.47511
20169,0.4832505724366338,10.65579
20136,0.6941746273801839,0.04456
20105,0.8341009626439561,15.86857
20173,0.4205917512788191,7.65273
20435,0.21493342727606493,0.11793999999999999
20269,0.26121163308697154,19.13008
20383,0.17631327934459734,7.43444
20277,0.2902681623512641,9.612079999999999
20006,2.7305114548328064,417.23228
20017,1.8708498196291745,216.90773
20029,1.3685971479061139,150.64869000000002
20097,0.8340607360298176,55.29078
20109,0.6867258120491345,61.843199999999996
20099,0.8133997877575535,57.827130000000004
20178,0.6338277554956939,40.99499
20013,2.46084697010851,318.09141
20092,0.6306740547421532,47.45286
20065,0.8785250774918328,77.98518
20205,0.26088813139770295,29.131909999999998
20166,0.3352082197008287,33.52579
20137,0.5432760118289732,37.55127
20008,2.4987305163623184,195.36854
20018,1.908004450143647,141.63569999999999
20096,0.4958312220214863,44.24611
20761,0.018558634148579313,2.47668
20705,0.09396509909230588,1.0319399999999999
20087,0.6876068025625858,89.63007999999999
20074,0.7964090729744149,98.07553
20088,0.8616230844425309,56.05756
20644,0.05478218185832132,2.6208
20676,0.044712874862695734,2.14578
20517,0.10486611375329796,4.0131
20568,0.09411803821530787,2.85831
20474,0.09422176529012563,9.65317
20433,0.11448610898396426,15.75243
20456,0.163040854428863,6.10371
20480,0.1430490596570655,5.21702
20931,0.02266625126925237,1.43487
21077,0.010131541249990463,0.21584
20069,1.0955904140909243,136.63984
20071,1.0996203851659638,104.77091
20091,1.0015507497040637,92.24345
20113,0.9628298118989491,77.36608
20028,1.5521973806415705,109.92618
20072,1.2696366336678533,32.2686
20038,1.288876270089611,157.68477
20066,0.9253419196678182,119.28134
20067,1.0144106859475532,88.49566
20115,0.8630461683967708,0.27954999999999997
20084,1.1809517280151316,94.68236
20121,0.898304464549126,78.96685000000001
20116,0.8268574413356122,118.60204999999999
20289,0.22523119491316837,10.01
20146,0.4032734286200069,30.472260000000002
20512,0.16407826181988072,2.95822
20227,0.5624193525706396,38.71265
20986,0.01148202408720207,0.57885
20949,0.013440609464915012,0.8879400000000001
20601,0.027378410296856427,0.57274
20586,0.025828778898346463,0.33821
20429,0.03235642769194044,0.99469
20449,0.03411460183249372,1.08866
20416,0.039127615437475574,0.8584999999999999
20685,0.02467251233341064,0.95115
20422,0.03527447243016257,0.92601
20282,0.18537290156962338,12.8247
20303,0.1985169237163992,18.3878
20450,0.13142622062068274,6.24297
20483,0.10966524931594406,8.52225
20310,0.17828050404256007,9.749849999999999
20103,0.47540609895833225,63.99622
20063,0.9810737735774024,103.52372
20185,0.3656781159241315,23.87666
20165,0.35936646975181175,22.55075
21014,0.008989604298412484,1.09473
20961,0.011769823838423756,0.83519
20838,0.01795348926444778,1.96905
20849,0.014416789276475578,2.0799600000000003
20768,0.022976397153539416,1.51197
20901,0.018427237632461436,0.73891
20935,0.012098187687181666,0.33206
20965,0.013259934367945547,0.5503399999999999
20228,0.15825284962054365,5.03851
20507,0.11810608154624459,7.23259
20952,0.018252568127555203,0.32219
20977,0.015701986426254283,0.1319
20151,0.7591751688119437,44.81184
20315,0.10931295508138938,16.64451
20255,0.1338033239153701,12.15816
20362,0.08408189185503037,6.61718
20697,0.028530567871364796,2.59869
20913,0.01533241118932205,0.78256
20367,0.08672791517186382,9.55006
20386,0.08308458265582991,11.22573
20263,0.11838367861550846,20.85506
20267,0.1185647109107655,18.01748
21008,0.009004947280096896,0.99321
20080,0.6598727813900832,8.84426
20054,0.780996502299659,121.2091
20061,0.7936605427581958,106.44895
20047,0.9140357525498427,71.49763
20075,0.773918000161096,105.42961
20059,0.802712555433046,111.51139
20044,0.9741323449381629,59.617470000000004
20094,0.6445199159473343,59.12954
20520,0.2727431237727904,6.9887999999999995
20729,0.0283756550352266,0.3598
20670,0.033951978861972064,0.84728
20177,0.22479240591712146,24.51696
20208,0.3197938682787833,20.14227
20145,0.45467847906884684,65.41274
20198,0.3732458177742736,22.40804
20153,0.4006765726105717,48.78881
20200,0.3628264696769095,20.87857
20176,0.20736560335483864,23.87612
20336,0.1072223262907454,8.61019
20188,0.2098846805531025,22.88825
20273,0.1302902008798251,12.4634
20215,0.2974700015495743,23.14009
20220,0.18472829034322497,19.46485
20241,0.3413895365489487,12.8158
20226,0.16796528766439128,11.328009999999999
20252,0.2838652570006377,12.20597
20329,0.11840352528187985,11.05355
20385,0.17932022064302697,7.4722
20338,0.10905850458865347,8.13739
20327,0.11659534866267679,11.90046
20309,0.1040044612201365,8.11212
20342,0.2695067238922519,11.97748
20330,0.0923253462699988,13.79536
20434,0.06206221354663112,8.25951
20189,0.2549360029480282,32.59489
20275,0.1565331238222387,14.93964
20212,0.2399167241764908,22.494790000000002
20290,0.1448831037769457,21.56585
20335,0.2427866546644321,11.7811
20365,0.07749224740480093,10.90371
20268,0.1342933864498484,11.99271
20238,0.158730378883378,16.61631
20284,0.13043266764450254,11.79748
20251,0.14020133680124913,14.79641
20292,0.11852490316532537,9.80518
20244,0.1510764012215014,26.46154
20401,0.06948567341554754,9.16454
20256,0.1548616721297219,17.63436
20400,0.07016674419457869,9.74484
20079,0.441112313797241,27.68496
20102,0.8262230206290256,19.17797
20001,9.86217656842318,1504.68856
20406,0.22570490722542613,10.276150000000001
20469,0.2037499983810079,7.43516
20840,0.01931966754052935,1.73797
20919,0.036721957977198155,0.43074
20196,0.41739052371222984,35.1806
20078,0.9349953444368226,51.37866
20375,0.13073521899854074,4.38548
20023,1.7824679016566598,181.13277
20684,0.06698363028963807,0.76875
20100,0.7840412820559647,1.3792
20250,0.2767724656701989,13.43027
20321,0.16052836536979584,27.62797
20026,1.7989106510051232,235.10419
20847,0.025135090739435966,1.02539
21024,0.016433042184814388,0.39419
21038,0.012641201383315058,0.43570000000000003
21016,0.012081252451736671,0.45426
20328,0.26536181236686507,9.333870000000001
20299,0.31321894802600664,10.61151
20183,0.39535830612649664,20.47573
20073,1.0222914376612344,122.47019
20037,0.9155554385113215,63.37274
20090,0.45901879879226415,35.97712
20271,0.18555093245429577,8.34905
20556,0.1832236682393463,0.50626
20152,0.284243095764216,23.92667
20555,0.057872536119978356,1.79267
20249,0.13479021056468934,8.00053
20192,0.38074071738384574,21.45354
20647,0.06811860169776734,1.92544
20278,0.173043996713161,6.27424
20182,0.21818641885063583,20.87961
20314,0.17330257083043976,18.852050000000002
20187,0.209384503068835,19.99026
20184,0.21581037967410888,26.13296
20181,0.22665312143732014,33.36284
20114,0.6193875716980706,44.16048
20312,0.2122230446507108,9.60286
20163,0.5686773106462741,37.77228
20209,0.24699932856765558,16.08116
21055,0.007855525278138199,0.41164
20193,0.20622498776932802,24.92724
20539,0.046768365514725074,5.81923
20973,0.011810572053824075,1.18836
20035,1.7436186216198144,179.97912
20021,2.5717456736496844,203.76721
20010,3.706771848940871,359.59997999999996
20041,1.778115816943658,113.11379
20020,2.144085553319697,266.06358
20031,1.4916818730245023,139.91577
20022,2.412195445063672,210.8346
20043,1.37786224630572,93.77222
20050,1.26134179740231,117.02742
20011,3.0603409671032216,392.3829
20016,2.6991817026787377,273.20202
20024,2.322280868406465,270.45018
20025,2.1368613083772137,241.83432000000002
20030,1.9602997844256167,102.7572
20862,0.03698601453020926,1.30819
20502,0.07668193147607441,5.83704
20551,0.06724278540991471,5.13514
20863,0.015014327602530887,1.09065
20614,0.025628802363681598,2.23479
20664,0.024566167288782165,2.96002
20843,0.023231365850963442,0.77417
20759,0.019815674585077492,1.4906300000000001
20715,0.02201667570933792,1.62241
20168,0.40534883130693583,15.15556
20002,9.207684304285461,1087.30855
20015,3.1284798562572655,297.27663
20045,1.1908998207792463,149.89961
20332,0.1309531176448894,12.96845
20280,0.24989528938747135,17.02489
20288,0.24558306790762452,21.12175
20222,0.20306038655814246,21.01334
20180,0.29442686375321997,36.95611
20652,0.056078771329186136,3.69362
20560,0.07928038502526263,5.1622
21131,0.0035014787284260306,0.08076
20160,0.6186200783776606,43.18815
20307,0.10257771123601087,13.525310000000001
20197,0.28286639630100063,27.90918
20788,0.03445631390868638,1.47053
20012,2.6800351009605032,173.13004
20201,0.43511460397255103,26.166990000000002
20419,0.1125812944797973,13.59539
20702,0.04263335855270028,2.03063
20994,0.011794665972862372,0.18545
21049,0.011035120141906383,0.3083
20296,0.09789004154900621,18.64666
20235,0.22363387148194727,32.13552
20300,0.09358388551721403,17.14787
20600,0.029035290182729656,1.55091
20735,0.0210068697760564,1.37555
20138,0.30486394553827306,28.33495
20171,0.2884780882200429,26.56046
20062,0.5577760031633627,90.97637
20239,0.1613476608428981,20.10279
20211,0.24467861360930104,16.10922
20821,0.03333350816586378,1.09665
20341,0.16321220544267323,8.46183
20206,0.4969559956387014,23.43432
20134,0.4227448221563695,49.98357
20133,0.42668562628358014,30.835350000000002
20140,0.48266475655391616,58.149
20081,0.5922346636472342,94.25871
20320,0.08644630009246744,13.48012
20316,0.1569513606922658,27.23436
20891,0.026394985954583405,0.04226
20599,0.03878784032254565,4.55627
20655,0.038151259117217576,2.58001
20354,0.08280616024622191,12.29584
20058,0.6838154802705534,117.82985
20382,0.07292345872005064,9.3097
20485,0.06898814473652945,3.69088
20412,0.10368618552096404,3.82484
20374,0.22083559748502868,0.10872
20376,0.19828032691086891,4.12565
20122,0.3280096062361355,64.62255
20359,0.08187770448853636,14.16642
20349,0.08236656703645473,17.46373
20410,0.06886678487736925,10.14597
20639,0.03890127860593007,4.9791
20500,0.059850531459418,8.61567
20807,0.02139032389292858,2.14955
20653,0.06813859283306119,3.4333799999999997
20246,0.16514531211278138,24.60939
20219,0.16466926298097034,23.10671
20357,0.12185282023932609,18.325
20737,0.13042832650051267,2.07177
20473,0.1810520095579486,6.6120600000000005
20304,0.26731832799092486,5.88588
20780,0.10372960226386002,0.42829
20413,0.252039744481385,4.52594
20820,0.015747229943437385,1.8666099999999999
20823,0.016641704736032315,1.7907
20749,0.020482584235903406,2.73283
20739,0.02163264901776449,2.92295
20756,0.01970853975540276,4.40403
20270,0.4560379149805923,6.778370000000001
20161,0.5474048756618254,34.9225
20107,0.9436021496073729,86.05666000000001
20175,0.5799491773511852,19.708949999999998
20536,0.04867529920951009,5.33565
21200,0.002228975963523832,0.12786
21190,0.0025476918917053753,0.13297
20124,0.47015460880950244,38.10841
20070,0.6370577724948034,68.44316
20042,1.217266574301894,124.20086
20144,0.3322163129838685,41.30604
20264,0.20548660237405447,16.58253
20167,0.36592517179576944,43.85173
20179,0.3685437048808041,39.70194
20464,0.07814873179328401,3.55347
20465,0.07836883983033054,3.54101
20497,0.06976424113282761,5.5455000000000005
20789,0.027567836735260896,1.4464299999999999
20628,0.07986775619389197,3.28467
20710,0.0673859454712107,3.81519
20784,0.028529671805817634,0.0045
20640,0.04492420629112693,2.72739
20865,0.03081055872042749,1.69039
20443,0.13344320006270943,8.00212
20637,0.03195787303235969,4.74964
20885,0.0188611582380167,1.47849
21028,0.01050672260518587,0.54486
20830,0.02064209963456088,1.11598
20696,0.0565133147753769,4.9990000000000006
20826,0.01968279087742087,1.78647
20418,0.035187627974598484,0.5267000000000001
20663,0.017557301413836185,0.17495
20678,0.02408286085892976,0.391
20636,0.02095969781099251,0.37304
20490,0.033808677704109336,0.48618999999999996
20509,0.031143955755251425,1.1039899999999998
20773,0.021955737366370187,0.18296
20561,0.020531828400947014,0.37611
20765,0.02454169096233675,0.25988
20597,0.022450737881299178,0.23346
20957,0.017125601742330625,1.10726
20882,0.01982448898849898,1.48505
20801,0.023526598125393785,1.66194
21057,0.009117030449703453,0.67593
20976,0.009726777020181394,0.61586
20428,0.044693724064826086,1.65654
20666,0.17822416542785646,2.1839999999999997
20733,0.1387003919076129,1.11124
20530,0.13079149141480087,2.70755
20358,0.2877569980355999,10.92
20426,0.14810184223638417,8.05316
20317,0.10867339627842416,14.82331
20231,0.13705393173521135,21.31542
20356,0.12859865237060916,13.82404
20991,0.01743758330813252,0.14446
20350,0.058275660647566646,1.23931
20234,0.10606417435794278,4.84796
20398,0.044059271654422694,1.0473
20265,0.08617854574814193,4.57848
20302,0.06075118404927176,2.35687
20305,0.06939103036077642,2.56676
20326,0.08232350521457363,15.6484
20095,0.9856818947212846,28.52853
20157,0.3641611493946402,55.77624
20155,0.3665233157939534,61.25175
20295,0.2901709490148948,6.04878
20225,0.15781944872550194,16.66252
20301,0.13058882853889292,8.31315
20291,0.27748083723117606,9.75289
20324,0.11863831583881794,10.95741
20230,0.15566410650468526,18.17921
20009,4.679416899938586,495.03574
21182,0.007760102374466608,0.06688
20493,0.10463178989503984,0.040330000000000005
20421,0.10205251927330271,11.95817
20982,0.028408916942101067,0.13177999999999998
20870,0.028679449139362333,1.32583
20706,0.05830726367845781,4.85225
20802,0.025754799677105367,1.04494
21181,0.013295082774575754,0.05606
20471,0.17379433199492117,4.0813500000000005
21192,0.004957386378946656,0.012379999999999999
21222,0.004762424791740794,0.02184
21124,0.00866933445312371,0.12762
20725,0.02753047813804752,1.2681
20583,0.03845281940823982,3.65662
20831,0.03170698808853239,2.65266
20622,0.07126907425181221,4.72215
20793,0.03269308592317853,2.6406099999999997
20658,0.043881245166936554,3.40902
20629,0.035137356300072004,2.32608
20677,0.032593757738032865,2.29468
20572,0.04528965607084272,3.90293
20632,0.04688114050905407,2.05983
20602,0.04370083188641465,3.26558
20669,0.04299082218563371,0.2331
21170,0.013420797784878234,0.04078
21255,0.003600019986810165,0.00328
21257,0.0032681252909927826,0.011580000000000002
20014,3.3685544083750627,272.02812
20056,1.2261958059865639,63.7182
20409,0.09048472460290745,2.40926
20216,0.20331735566571701,9.20284
21202,0.006046647125087547,0.045869999999999994
20642,0.05595490446295485,3.0238400000000003
20651,0.04036731560610919,2.37627
20254,0.3969718259287492,17.46847
21218,0.004195840388306452,0.03348
20751,0.04409164224451592,3.04284
20742,0.04670777627111044,0.91993
20585,0.05011418911819834,7.09842
20563,0.05285088245414311,7.4654
20612,0.04712539825054128,4.18386
20699,0.042545823249684596,3.03395
20883,0.018151567683409604,0.86097
20956,0.01505908893992677,0.59267
20906,0.017309920025123337,0.7253499999999999
20985,0.02128632368222133,0.7459899999999999
20878,0.017313065121671137,1.26697
21224,0.0017781472821873587,0.07537
20514,0.07798121488924037,5.77288
20578,0.06321777024275896,3.4644000000000004
20724,0.07499652698860973,1.47147
20217,0.4468580465800268,13.071240000000001
20588,0.1780337367493367,0.6006
20771,0.031809816904214666,0.95168
20743,0.03426499339242798,1.11232
20951,0.017379093701214467,0.3287
20945,0.018830632436080526,0.8682799999999999
20873,0.027704477893874528,1.74712
20930,0.019376214316692852,1.88188
20546,0.1616968192025822,8.39754
20667,0.06769046969339154,2.54736
20478,0.10529681043376513,5.35491
20415,0.12331785620981374,4.85906
20508,0.11252658196027972,4.02445
20319,0.1912484039201823,11.81172
20390,0.15601747678362285,9.2709
20447,0.15495559703232958,6.65567
20874,0.03651989821576064,1.53185
21071,0.012248946762686792,1.4271399999999999
21027,0.013404477321699184,1.73954
20914,0.024758772464535794,1.06175
20855,0.019555587603480973,1.27043
20877,0.01822828722385192,0.8132999999999999
20750,0.02773939545003462,1.37322
20417,0.14635610695951773,7.38835
20298,0.18591711482861786,11.28594
20343,0.15195452121792252,11.96007
20832,0.035581856120003155,0.23123
20377,0.14575901464183758,7.24521
21003,0.009805690952895347,0.44116
20996,0.011733316603222676,0.22495
21156,0.004301763433741073,0.24302
21271,0.002697125151658138,0.00298
21264,0.0037814656251519015,0.0089
20777,0.025986634124315577,2.07783
20741,0.01742299749871016,1.35364
20657,0.03246277569924413,3.71165
20049,2.190404047263574,124.84836
20453,0.0817609549012285,16.32757
20775,0.057889008328024884,2.19749
20818,0.027835202687269883,1.5633400000000002
20496,0.06512703078439405,6.49094
20624,0.04380069629155925,5.34485
20402,0.09878950127388246,15.10782
20542,0.061777823398918484,8.25353
20782,0.0423806416548788,1.73362
20758,0.06212218669691548,4.3724300000000005
20202,0.4982716528269677,24.48113
20595,0.22749656880691288,5.4244900000000005
20794,0.04215616912887167,3.16936
20790,0.03806168848240056,0.00677
20334,0.2601466003195441,0.18631999999999999
20340,0.3067994835566351,8.06882
20574,0.1258539488842535,2.60938
20552,0.10574392911570654,2.39711
20544,0.09673214897109272,6.43633
20589,0.08172829315336531,6.74483
20646,0.057088865669477594,4.05327
21195,0.005968716213317769,0.08599
21167,0.005349071720150614,0.10551
21180,0.005564779159499388,0.02
21023,0.008295916574217113,0.00126
20337,0.15467119350036895,13.82469
20149,0.7277562551337385,30.207050000000002
20128,1.7407781883801734,12.6308
20809,0.04823184536015741,3.19917
20564,0.20057310375761073,5.91376
21118,0.004378312226057252,0.30167
21207,0.0021864641628562926,0.1208
21194,0.0024510385196548318,0.08985
21212,0.0036526951997378253,0.10563
21184,0.0033932242412398343,0.15858
20112,0.8582610608797798,107.06263
21155,0.005121205998215934,0.23501
20387,0.11533004619436316,8.58751
20403,0.10583306646739565,10.9533
20297,0.17460529503564992,35.089
20306,0.1705182149353151,32.270920000000004
20344,0.28729195333251667,15.9908
20348,0.26407401895024374,11.72618
20841,0.04883639803530918,0.58609
20567,0.23133957029656155,7.02946
20323,0.4733385430821918,24.40797
20479,0.4066029977253013,7.92463
20191,1.1016949247202077,3.4125
20164,1.3463774197363811,71.3349
20203,1.1006837486923708,55.2097
20218,0.915882936454724,31.369320000000002
21065,0.034355040648506446,0.5966199999999999
21133,0.009826296480554704,0.49846999999999997
21157,0.009013124077244963,0.16893
20513,0.44497795937100043,12.77476
20395,0.5287130095592182,26.656570000000002
20604,0.2991727682717772,13.17988
20576,0.30156915343790164,12.3194
20237,0.49748360052825236,29.51673
20186,0.6617318295032972,63.51856
20229,0.5380761231566861,0.8094
20481,0.07124753312123758,8.74287
20351,0.2177691757224041,14.08152
20541,0.07456745614645034,8.18859
20571,0.06155742951491596,7.32115
20368,0.18078953438042117,10.4105
20135,1.9377538594770216,101.03175
20378,0.33012378731997494,7.68167
20811,0.037879322675051424,2.65751
20488,0.12374051396694846,8.62499
20126,1.0301894287696716,94.95288
20150,0.9118204420451214,51.35196
20262,1.2239213335654555,25.6396
21040,0.01846914107024578,0.64416
21164,0.00689758993325986,0.15114
21176,0.005704926948304737,0.44148000000000004
21126,0.008763184530216475,0.47548
20143,0.6707930413095645,29.92779
20170,0.540597946004915,64.4108
20266,0.3321691858795994,49.55769
21034,0.01774695192649256,0.55135
20130,0.6684038138916948,83.3077
20159,0.5835420304453292,61.78339
20389,0.3196316575452387,34.54417
20364,0.34621012198655743,30.7114
20638,0.33256202843256133,8.33849
20089,1.681129143683345,102.33626
20522,0.21597456120334815,12.64676
20459,0.17431406729816545,15.42616
20679,0.06591897175098821,10.29418
20503,0.39502676090429445,0.83948
20783,0.04935279840993635,3.65745
21084,0.013979583228040356,0.47288
20853,0.043789934228745664,2.8984199999999998
21142,0.021395866434955155,0.10701999999999999
21191,0.010954794127339938,0.09023
21209,0.01002622093784264,0.07853
21226,0.006619079571977291,0.04866
21245,0.004829211588026957,0.02403
21233,0.005005225316732559,0.03557
20967,0.01855022880602565,1.55408
20902,0.04112388920122294,1.56067
20997,0.030142840160807115,0.88972
20682,0.14006947984844934,5.3508000000000004
20611,0.18455888367596185,9.19572
20523,0.11301732078167766,7.63168
20495,0.13067709280260137,12.65039
20559,0.21625571987357117,7.1281
20540,0.10420150879970298,6.4430000000000005
20527,0.11367157441849463,7.74072
20553,0.21951650229919062,7.04809
20569,0.07315487639666993,12.84918
20908,0.018365166523410848,2.29554
20981,0.031163617129383044,1.18392
21248,0.0038791293627732696,0.01129
21262,0.0041817208272706095,0.01834
21259,0.0038524223926279513,0.014119999999999999
21263,0.0043468810389489295,0.0127
21244,0.004492357269820927,0.015519999999999999
21246,0.004900737839780923,0.021169999999999998
21256,0.005690867789067517,0.012709999999999999
20836,0.09293109853381307,2.26427
20763,0.12281013264566505,5.03824
21022,0.021453017919945888,0.7621600000000001
21013,0.03479616499850987,1.45789
21201,0.0032328509963419584,0.18025
20700,0.08617903157451888,3.11353
20085,1.8522473413264697,221.56404
20477,0.12350586064018405,6.01202
20408,0.2413066435503277,11.77663
20712,0.18516928220783807,2.16324
20990,0.028898066005265247,0.4538
21001,0.018411374131063626,0.52382
21037,0.018424670848507324,0.4412
20709,0.06268821842462124,8.64319
20917,0.04270990268192253,2.29184
21056,0.02572914917513106,0.64179
20460,0.16558095904768266,8.94893
20627,0.06781041711252675,9.34447
20558,0.16200811340622268,3.4579999999999997
20689,0.1082496881392569,2.2932
20798,0.09788354353908796,0.74256
20835,0.09397421409354484,0.9755199999999999
20817,0.0966945227266082,1.35408
20580,0.14934988218544232,15.91044
20547,0.25567839175775253,12.23047
21093,0.016582731462747018,0.28809999999999997
21105,0.02339408962204616,0.43487
21102,0.02345330398348474,0.48623
21168,0.013894358785721693,0.14085
21153,0.016090774587536244,0.25441
21159,0.013512355562012133,0.14194
20032,6.383545019556799,527.79811
21033,0.014960512728891737,1.2670000000000001
21073,0.01753874422601033,0.75292
20491,0.21146829418735508,11.94289
20757,0.09189280354975887,2.37376
21267,0.00933249997998839,0.015690000000000003
21276,0.0028405491519797738,0.008919999999999999
21252,0.013395922161757912,0.08560000000000001
20442,0.21494773416718418,23.79055
20548,0.25212502138635196,12.24028
20620,0.17676156589312075,6.91217
20286,0.5182321755619367,50.55931
21265,0.010896512149285114,0.050069999999999996
21266,0.011455436934996358,0.05121
20623,0.14549645051017263,10.20951
20659,0.2942001937842239,7.73487
20681,0.13974089700687892,8.83008
20510,0.22638064317363632,9.0775
21196,0.009157978968212716,0.1944
20719,0.06613086023470394,7.74604
20920,0.04002135173972926,2.4836
20966,0.01920524798367987,1.73472
20859,0.03119683802177326,3.0626800000000003
20414,0.2680077091847284,28.50819
20458,0.23267205770130583,22.48458
20355,0.3299214517841642,25.63347
21128,0.03182732962442297,1.20438
20884,0.09815177520465494,3.78982
20668,0.2803083765405526,2.93748
20785,0.10458002032704615,2.93047
20593,0.21845639403481792,8.18131
20526,0.20746882216706458,13.65706
20476,0.23821933513839885,19.73377
20521,0.23641241495770549,9.54402
20531,0.2155708088598951,12.40991
20907,0.43979112598663817,3.47802
20987,0.10697788663352079,0.16926
20575,0.1436359951025695,9.11891
20525,0.1666807808141731,15.9413
20577,0.32629200989232177,8.44628
20603,0.12106956815488493,7.70408
20537,0.15819763756547506,12.0668
20633,0.24598155080944953,6.92866
21086,0.02831257706652592,0.63302
20822,0.0726260610733388,5.92346
20746,0.09767812308045164,4.26365
20795,0.1954337771307928,3.56276
21092,0.012322081928545309,0.99937
21179,0.011920729177735045,0.29605
20928,0.3562480475956903,2.92793
21074,0.04567454489733112,0.00311
20946,0.03675638825780543,3.14228
20924,0.03070783925161836,3.70952
21135,0.016229581166008755,0.29346
21163,0.01705998222462395,0.339
20932,0.03697237691913845,1.87
21171,0.010032915268641208,0.30362
21044,0.014650538075479539,1.76904
21042,0.01631000120606022,1.61798
20754,0.08934678827291803,8.55531
21064,0.025618390177161266,0.32759
21099,0.01393791336820959,0.17034
21075,0.02555705394788015,0.27911
21119,0.015774307334127605,1.14641
21114,0.01902318207235974,1.49352
21111,0.017085971783661023,1.46188
20649,0.14330739749247765,14.79183
20562,0.5457981266077244,38.33084
20468,0.5867410701459348,35.5992
20557,0.4970802206214269,28.51101
21140,0.02151432433718913,0.55694
21227,0.00506184334667501,0.42182000000000003
20772,0.17020829718561759,2.53867
20674,0.10472165793059443,8.38539
20827,0.07937873458478423,2.60942
20732,0.15716879047280868,5.96173
20592,0.1997145769844218,12.04725
20774,0.09228537592468197,5.44871
20927,0.07355536290545346,3.05867
20691,0.7406957030945861,7.99868
21173,0.1549552149305051,0.08845
21147,0.125879835772152,0.30074
20174,1.3923735095732104,91.1178
21007,0.07011698064647917,1.80073
21079,0.029453700855757624,0.6845899999999999
20910,0.06209685464102677,5.20738
20615,0.19908404447625094,14.06805
20673,0.1610136323461166,9.15194
20662,0.1586437668765559,11.50205
20621,0.181475780741185,7.23179
20720,0.08880921910033479,8.95012
21035,0.023659481067726553,1.80884
20760,0.455890963683161,0.00743
20723,0.38920552060883434,0.04456
20440,0.42806458444582135,34.28062
21112,0.018971463183664068,0.55859
20933,0.05918087070023747,3.68027
21109,0.02577138189940121,0.9539
21039,0.02806012448647919,1.94374
20711,0.13326964608079983,7.00535
21006,0.0512824349655166,0.96358
20904,0.03452699414302324,4.5592299999999994
20912,0.03765943265306842,3.03888
20261,0.8509187512726497,43.745760000000004
20236,0.9059962691314308,34.70341
20886,0.17574778741224442,1.09253
20845,0.28216641541864507,2.22201
20953,0.1963705941271954,2.3988
20899,0.04883342532065559,2.32761
20942,0.02715969600411701,1.72156
20815,0.058517280552810386,6.33522
20213,0.6910587377796218,58.84043
20257,0.6062582781441345,51.77148
20968,0.0427147743225481,1.91479
20762,0.08608693737610085,6.82849
20694,0.08654541395804848,8.90416
21097,0.016753142400173192,1.34469
21058,0.01751422740702424,1.84115
21129,0.007894833213913597,0.7841
21110,0.01411728196871759,1.52502
21144,0.023765984318045087,0.36366
21146,0.028884471588899084,0.39513
21154,0.026039874966037376,0.12383
21087,-0.02748826743276781,1.0220500000000001
21214,-0.016713531670568722,0.24428
20686,0.14337351587808034,9.60049
20703,0.14345838015796544,9.4657
20962,0.04790642009625774,1.99182
20975,0.046417469337070194,1.69045
20995,0.053014980132396805,1.5528499999999998
20210,1.1857325422056837,58.78261
20127,2.428626169254514,170.32792
21150,0.01028988438362598,0.8485
21108,0.010238230483760147,1.04179
21137,0.010238230483760147,0.819
21219,0.009318938694509147,0.78908
21174,0.01272655177946284,1.31451
20779,0.05875183515946411,7.50817
20980,0.026034459138381528,1.98569
20958,0.21254815965213272,6.9287399999999995
21211,0.12884596080535335,0.17363
20437,0.2823330744801892,16.02395
20436,0.22622994911701333,15.3782
20888,0.06785797369991614,8.35644
20915,0.09033428043435587,7.47568
20671,0.23595494003121775,1.03712
20631,0.24942150240756739,39.25671
20799,0.052175268839419045,6.06396
20895,0.19929861629172374,18.5572
20972,0.024337871733640715,2.9769300000000003
20487,0.40708086334594806,16.81476
20515,0.44868594369131976,19.14002
20923,0.05299678590738899,1.12198
20926,0.06780578095812548,5.50254
21242,0.00578932233156871,0.21128
21234,0.006260720916671917,0.23879
21220,0.006571566619550174,0.33804
21247,0.00400550580262894,0.14544
21239,0.004038735046445103,0.23389000000000001
21237,0.0042708818973255635,0.18671
20929,0.041401660354230214,2.34705
20940,0.05158964428870022,2.48682
20964,0.04611147516855567,1.98306
20992,0.28092733468367637,4.2006499999999996
21018,0.23532807592855776,3.0991
20993,0.10192067716525012,0.82883
20764,0.12106710711202777,1.86486
21026,0.025675887015527282,3.594
21054,0.02630281651027457,0.52618
