product_id,tn,tn_dic_2019,error_abs,error_acumulado,porc_error_acumulado
20032,665.3418597757138,527.79811,137.54374977571388,1162.822602427482,0.16557900073842
20018,274.99446850887966,141.6357,133.35876850887965,1296.1813709363616,0.1845684937043375
20023,305.82860228948573,181.13277,124.69583228948574,1420.8772032258473,0.20232443623902543
20015,409.9793779639849,297.27663,112.7027479639849,1533.5799511898322,0.21837263512111965
20100,102.51502740993443,1.3792,101.13582740993444,1634.7157785997665,0.23277377352901757
20013,414.5176145356006,318.09141,96.42620453560062,1731.1419831353671,0.24650428973903335
20033,189.8056944078022,96.76212,93.04357440780221,1824.1855575431694,0.25975313960092405
20044,151.21509862493582,59.61747,91.59762862493582,1915.7831861681052,0.27279609541040367
20080,96.82832868862651,8.84426,87.98406868862651,2003.7672548567316,0.2853245018448424
20089,189.03018049000863,102.33626,86.69392049000864,2090.46117534674,0.2976691988733188
20049,206.5027460088274,124.84836,81.65438600882739,2172.1155613555675,0.30929629625947747
20047,149.2410831560238,71.49763,77.74345315602379,2249.8590145115913,0.3203665001415278
20027,232.39553529545097,155.25876,77.13677529545097,2326.9957898070425,0.33135031671590626
20028,185.0309423983788,109.92618,75.10476239837881,2402.100552205421,0.34204478677751265
20019,421.3551664944756,351.54708,69.80808649447562,2471.9086386998965,0.3519850417924106
20119,105.2558082378208,36.26867,68.9871382378208,2540.8957769377175,0.3618083986736542
20072,101.24558511001143,32.2686,68.97698511001144,2609.872762047729,0.3716303098100753
20095,93.4497680411318,28.52853,64.9212380411318,2674.7940000888607,0.38087470676203605
20236,97.54845933071704,34.70341,62.84504933071704,2737.6390494195775,0.38982346682897473
20085,159.1437951107145,221.56404,62.4202448892855,2800.059294308863,0.39871173727800047
20003,954.479523463726,892.50129,61.97823346372593,2862.037527772589,0.40753706793723676
20024,210.98109089581584,270.45018,59.46908910418415,2921.506616876773,0.41600511141019547
20077,93.43920852571708,34.58847,58.85073852571708,2980.35735540249,0.424385105450098
20017,273.074643167294,216.90773,56.16691316729404,3036.524268569784,0.43238293877169626
20143,85.80331559191441,29.92779,55.87552559191441,3092.3997941616985,0.440339280241091
20056,119.07605684829026,63.7182,55.35785684829026,3147.757651009989,0.44822190877000456
20052,148.1541600143653,95.51068,52.643480014365295,3200.401131024354,0.45571802623278423
20021,256.3088862040164,203.76721,52.5416762040164,3252.9428072283704,0.46319964744037095
20030,154.53949522248547,102.7572,51.78229522248547,3304.725102450856,0.47057313732694694
20037,113.7188644695304,63.37274,50.3461244695304,3355.0712269203864,0.4777421250670497
20210,107.02778947341594,58.78261,48.24517947341594,3403.3164063938025,0.48461195077475233
20174,136.7716444258669,91.1178,45.65384442586689,3448.970250819669,0.4911127858325863
20055,111.21544076523172,65.85747,45.35797076523171,3494.328221584901,0.4975714902464419
20025,196.7647931780596,241.83432,45.0695268219404,3539.3977484068414,0.5039891219637406
20065,122.84580220708855,77.98518,44.860622207088554,3584.25837061393,0.5103770069102896
20043,138.41945415316275,93.77222,44.64723415316274,3628.9056047670924,0.5167345066711149
20084,137.17102409233811,94.68236,42.48866409233811,3671.3942688594307,0.5227846389341386
20070,110.39480641350283,68.44316,41.95164641350283,3713.3459152729333,0.5287583030837504
20006,456.8604789633576,417.23228,39.62819896335759,3752.974114236291,0.5344011221790433
20042,161.9624832763892,124.20086,37.7616232763892,3790.7357375126803,0.539778152033221
20102,54.8283043860317,19.17797,35.6503343860317,3826.386071898712,0.5448545469461741
20022,246.0254831911928,210.8346,35.190883191192796,3861.576955089905,0.5498655187502447
20079,60.71559013116434,27.68496,33.030630131164344,3894.6075852210693,0.5545688834074686
20213,91.32927992517996,58.84043,32.48884992517996,3927.0964351462494,0.5591951017958297
20016,304.5818420775614,273.20202,31.379822077561414,3958.476257223811,0.5636634012355768
20041,143.4866603998126,113.11379,30.372870399812598,3988.8491276236236,0.5679883167642739
20010,389.9546108507892,359.59998,30.354630850789192,4019.203758474413,0.5723106350900141
20039,157.8818430668679,128.40394,29.477903066867896,4048.681661541281,0.5765081126102194
20133,60.25709450896384,30.83535,29.42174450896384,4078.1034060502448,0.5806975934868428
20094,87.75152701465103,59.12954,28.621987014651033,4106.725393064896,0.584773193667937
20112,79.17495735095122,107.06263,27.88767264904878,4134.613065713945,0.5887442318645717
20175,47.1761781760194,19.70895,27.467228176019397,4162.080293889964,0.5926554012767806
20073,95.05061426055624,122.47019,27.419575739443758,4189.499869629408,0.5965597852663338
20096,71.37861840166215,44.24611,27.13250840166215,4216.63237803107,0.6004232925797414
20076,95.4503334356512,68.45922,26.9911134356512,4243.623491466722,0.6042666660936056
20132,66.79336241154184,40.09161,26.701752411541833,4270.325243878264,0.6080688363240759
20146,57.120674044823645,30.47226,26.648414044823646,4296.973657923088,0.6118634114893629
20066,93.47861020222074,119.28134,25.802729797779264,4322.776387720867,0.6155375662635484
20257,77.20629659803673,51.77148,25.434816598036733,4348.211204318904,0.6191593323932022
20026,260.16948440004575,235.10419,25.065294400045758,4373.276498718949,0.6227284807665739
20009,519.9727475842496,495.03574,24.93700758424967,4398.213506303199,0.6262793618627849
20203,30.337030201702287,55.2097,24.87266979829771,4423.086176101497,0.6298210816421401
20261,67.65386291640263,43.74576,23.908102916402633,4446.994279017899,0.6332254528524909
20035,156.21599544614094,179.97912,23.763124553859058,4470.757403571758,0.636609180009012
20087,66.15602242884557,89.63008,23.474057571154432,4494.231461142913,0.6399517457518811
20001,1481.7878536998228,1504.68856,22.900706300177262,4517.13216744309,0.6432126696945973
20150,73.35802970203525,51.35196,22.006069702035255,4539.1382371451255,0.6463462027234845
20155,39.37233439918896,61.25175,21.879415600811043,4561.017652745936,0.6494617009640244
20121,100.7008906274425,78.96685000000001,21.734040627442496,4582.751693373379,0.6525564986757197
20125,68.01860513351816,47.55933,20.45927513351816,4603.210968506897,0.6554697773868219
20111,73.98878121184927,93.88818,19.899398788150734,4623.110367295048,0.6583033330467815
20161,54.76734001243439,34.9225,19.84484001243439,4642.955207307482,0.6611291198625976
20168,34.326580999564385,15.15556,19.171020999564384,4662.126228307046,0.6638589588712448
20061,125.54556802126356,106.44895,19.096618021263566,4681.22284632831,0.6665782033396987
20086,61.25393403614492,42.51979,18.73414403614492,4699.956990364455,0.6692458336753311
20355,44.16896184945796,25.633470000000003,18.535491849457955,4718.492482213913,0.6718851771248147
20157,37.58422119340068,55.77624,18.19201880659932,4736.6845010205125,0.6744756120622876
20334,17.79284574488009,0.1863199999999999,17.60652574488009,4754.291026765392,0.6769826762810485
20114,61.61104429711109,44.16048,17.450564297111093,4771.741591062503,0.6794675325201732
20029,168.05241109673108,150.64869,17.40372109673109,4789.145312159234,0.6819457185670483
20007,407.6109369795332,390.43432,17.176616979533208,4806.321929138767,0.6843915663426251
20069,119.55279444876464,136.63984,17.08704555123535,4823.408974690002,0.6868246596812299
20097,71.7381573292412,55.29078,16.447377329241206,4839.856352019243,0.6891666680815296
20092,63.62166958300468,47.45286,16.16880958300468,4856.025161602248,0.6914690100968076
20202,40.56274021440064,24.48113,16.08161021440064,4872.106771816649,0.6937589354422614
20124,53.99112666585064,38.10841,15.882716665850644,4887.989488482499,0.6960205395330771
20116,102.72291495227908,118.60205,15.879135047720922,4903.86862353022,0.6982816336228406
20117,51.8967901234985,36.0325,15.864290123498499,4919.732913653719,0.7005406138839653
20162,35.64225442979879,51.43634,15.794085570201212,4935.52699922392,0.7027895974355677
20145,49.83883024557872,65.41274,15.57390975442128,4951.100908978341,0.7050072292646568
20074,82.97086365500118,98.07553,15.104666344998819,4966.20557532334,0.7071580436319309
20233,20.49894745080108,35.59532,15.096372549198922,4981.301947872539,0.7093076770121671
20108,73.34336815262175,58.34718,14.996188152621748,4996.298136025161,0.7114430447320694
20270,21.624698357346432,6.778370000000001,14.846328357346431,5011.144464382507,0.7135570733112457
20187,34.49108022923524,19.99026,14.500820229235238,5025.645284611743,0.7156219035944136
20118,75.6042244857785,61.15123,14.452994485778504,5040.098279097521,0.7176799237770599
20137,51.947076316526896,37.55127,14.395806316526894,5054.494085414049,0.7197298007056115
20295,20.431535891520884,6.04878,14.382755891520883,5068.8768413055695,0.7217778193315061
20031,154.28180103335478,139.91577,14.366031033354773,5083.242872338924,0.7238234564373847
20068,107.07107971336087,92.92737,14.143709713360877,5097.386582052285,0.7258374363137509
20059,125.61750497754804,111.51139,14.106114977548032,5111.492697029833,0.7278460629240417
20242,17.970671607992646,4.03604,13.934631607992646,5125.427328637826,0.7298302713256439
20182,34.72628164367921,20.87961,13.846671643679208,5139.274000281505,0.7318019547531308
20148,43.494304239660615,57.16338,13.669075760339382,5152.9430760418445,0.7337483495864354
20126,81.33578933836624,94.95288,13.617090661633753,5166.560166703478,0.7356873420518475
20164,57.75286652725111,71.3349,13.582033472748897,5180.142200176227,0.737621342582727
20503,14.40261612015842,0.83948,13.56313612015842,5193.705336296385,0.7395526522433467
20299,24.04329874111984,10.61151,13.43178874111984,5207.137125037505,0.7414652588208602
20395,13.260358193960329,26.65657,13.39621180603967,5220.533336843545,0.743372799455084
20558,16.805038621693022,3.458,13.347038621693022,5233.880375465238,0.745273338121243
20297,21.817802991953336,35.089,13.271197008046663,5247.151572473284,0.7471630773941189
20216,22.454474393049075,9.20284,13.251634393049075,5260.403206866334,0.7490500310673374
20200,33.99925458594672,20.87857,13.120684585946723,5273.523891452281,0.7509183382693214
20232,41.38165176097295,28.2828,13.098851760972948,5286.622743213254,0.7527835366072922
20127,157.53275221609562,170.32792,12.79516778390439,5299.417910997158,0.754605492158824
20224,34.03915731123061,21.26943,12.76972731123061,5312.187638308389,0.7564238251388347
20090,48.58593426261014,35.97712,12.608814262610139,5324.7964525709995,0.758219245060791
20378,20.048258608640488,7.68167,12.366588608640487,5337.16304117964,0.7599801734948334
20266,37.43664904570359,49.55769,12.121040954296411,5349.284082133936,0.761706137407929
20063,115.49020886508411,103.52372,11.966488865084116,5361.25057099902,0.7634100940256382
20134,61.87658194600512,49.98357,11.893011946005117,5373.143582945026,0.7651035879684621
20521,21.34181066570988,9.54402,11.79779066570988,5384.941373610735,0.7667835229690987
20198,34.082776379500075,22.40804,11.674736379500075,5396.616109990236,0.7684459357735683
20211,27.69998525361891,16.10922,11.590765253618908,5408.2068752438545,0.7700963915907165
20285,15.409920183153911,4.3322,11.077720183153911,5419.284595427009,0.7716737928508549
20135,90.15816980169596,101.03175,10.87358019830404,5430.158175625313,0.7732221257951283
20209,26.925444682409275,16.08116,10.844284682409274,5441.002460307722,0.7747662872327267
20075,116.200303448318,105.42961,10.770693448318,5451.773153756039,0.776299969717664
20351,24.7502203242832,14.08152,10.668700324283202,5462.441854080323,0.7778191289902691
20340,18.70246828699617,8.06882,10.633648286996168,5473.075502367319,0.7793332970618985
20241,23.4107191813916,12.8158,10.5949191813916,5483.670421548711,0.7808419503399625
20138,38.907037637784704,28.33495,10.572087637784705,5494.242509186495,0.7823473525424386
20099,68.30506098531143,57.82713,10.477930985311431,5504.720440171806,0.7838393473993773
20226,21.703178142461987,11.32801,10.375168142461986,5515.095608314268,0.785316709440617
20277,19.96634307933082,9.61208,10.354263079330819,5525.449871393599,0.7867910947255946
20192,31.797303649204025,21.45354,10.343763649204025,5535.7936350428035,0.7882639849543657
20328,19.63840340743244,9.33387,10.304533407432439,5546.098168450236,0.7897312890307712
20368,20.604129936870617,10.4105,10.193629936870616,5556.291798387107,0.7911828011146615
20160,53.267604481114034,43.18815,10.079454481114034,5566.371252868221,0.7926180552948668
20020,256.19756015336554,266.06358,9.866019846634458,5576.237272714855,0.7940229176565554
20046,159.79031599798356,149.9563,9.834015997983556,5586.071288712838,0.7954232228611434
20322,15.387083178636315,5.57864,9.808443178636315,5595.879731891475,0.7968198866488336
20252,21.93735986250724,12.20597,9.731389862507239,5605.611121753982,0.7982055785040368
20548,21.919998221320096,12.24028,9.679718221320096,5615.290839975302,0.7995839126258278
20289,19.682009992175967,10.01,9.672009992175967,5624.962849967478,0.8009611491417791
20228,14.69769815070335,5.0385100000000005,9.659188150703349,5634.622038118181,0.8023365599040045
20510,18.717408000123925,9.0775,9.639908000123924,5644.261946118305,0.8037092252878203
20082,69.35650805073709,78.87082,9.514311949262904,5653.776258067568,0.805064006543348
20093,82.71000570535807,73.28412,9.42588570535807,5663.202143772926,0.8064061964293285
20523,17.04757536430722,7.63168,9.415895364307222,5672.618039137234,0.8077469637503496
20207,27.817405435339573,18.51692,9.300485435339574,5681.918524572573,0.8090712973860659
20208,29.415177154701176,20.14227,9.272907154701176,5691.191431727274,0.8103917040391617
20237,38.730683113776806,29.51673,9.213953113776807,5700.40538484105,0.8117037159885725
20166,42.722252626707714,33.52579,9.196462626707714,5709.6018474677585,0.8130132373969796
20291,18.84407880803944,9.75289,9.09118880803944,5718.693036275798,0.8143077684417125
20045,158.96469568093954,149.89961,9.065085680939546,5727.758121956737,0.8155985825568877
20577,17.46604654383121,8.44628,9.019766543831212,5736.777888500568,0.81688294349733
20188,31.903131452816496,22.88825,9.014881452816496,5745.792769953385,0.8181666088299583
20575,18.109419295271103,9.11891,8.990509295271103,5754.783279248656,0.8194468037127657
20604,4.20230236108343,13.17988,8.977577638916571,5763.760856887573,0.8207251572048635
20389,25.684876532283475,34.54417,8.859293467716526,5772.620150355289,0.8219866677367113
20603,16.55371339084668,7.70408,8.84963339084668,5781.469783746136,0.8232468027312485
20440,43.07137384422789,34.28062,8.790753844227893,5790.260537590364,0.8244985536296453
20540,15.063421652840862,6.4430000000000005,8.62042165284086,5798.880959243205,0.825726050240256
20057,132.9348857609594,141.36774,8.432854239040608,5807.313813482246,0.826926838370241
20158,63.4461514490886,55.02588,8.420271449088602,5815.734084931334,0.8281258347860104
20176,32.279339943560124,23.87612,8.403219943560124,5824.137304874895,0.8293224031691286
20772,10.914835934923053,2.53867,8.376165934923053,5832.513470809818,0.8305151192228314
20576,4.01119745797256,12.3194,8.30820254202744,5840.821673351845,0.8316981576948816
20271,16.605532452156567,8.34905,8.256482452156567,5849.078155804002,0.8328738315347163
20306,24.02527265697104,32.270920000000004,8.245647343028963,5857.323803147031,0.8340479625196576
20387,16.712968855098882,8.58751,8.125458855098882,5865.44926200213,0.8352049793810085
20206,31.4987812418211,23.43432,8.0644612418211,5873.513723243951,0.8363533105461637
20313,19.102749124288607,27.15804,8.055290875711393,5881.569014119663,0.8375003359058989
20177,32.568084784828955,24.51696,8.051124784828954,5889.620138904492,0.838646768039149
20621,15.233324251166804,7.23179,8.001534251166804,5897.621673155659,0.8397861387762818
20244,18.461224907224995,26.46154,8.000315092775004,5905.621988248434,0.8409253359125335
20689,10.165296369921949,2.2932,7.872096369921948,5913.494084618355,0.8420462754676532
20268,19.836185622153,11.99271,7.843475622152999,5921.3375602405085,0.8431631395990531
20152,31.63974017825615,23.92667,7.7130701782561495,5929.050630418765,0.8442614347732911
20159,69.49639113900427,61.78339,7.713001139004277,5936.763631557769,0.8453597201167515
20011,400.0283973082357,392.3829,7.64549730823569,5944.409128866005,0.8464483933174644
20153,41.24596309990764,48.78881,7.542846900092357,5951.951975766097,0.8475224497125095
20301,15.852147235842866,8.31315,7.538997235842865,5959.49097300194,0.8485959579383339
20633,14.370590312076386,6.92866,7.441930312076386,5966.932903314017,0.8496556444133527
20184,33.5353580600656,26.13296,7.402398060065597,5974.3353013740825,0.8507097017315499
20103,71.35776071800747,63.99622,7.361540718007468,5981.69684209209,0.8517579412080085
20062,98.31797631776789,90.97637,7.341606317767884,5989.038448409859,0.8528033421448095
20129,60.260939127224376,52.92339,7.337549127224378,5996.375997537083,0.8538481653618837
20193,32.150952896799105,24.92724,7.223712896799103,6003.599710433882,0.8548767789789361
20375,11.47276279326692,4.38548,7.08728279326692,6010.686993227149,0.85588596576324
20309,15.13583726156266,8.112119999999999,7.023717261562661,6017.710710488712,0.8568861011950857
20255,19.03697498043376,12.15816,6.878814980433761,6024.589525469146,0.8578656034066415
20384,14.07876413129509,7.21169,6.86707413129509,6031.456599600441,0.8588434337913303
20288,14.295639406486128,21.12175,6.826110593513871,6038.282710193955,0.8598154312126433
20364,23.930417094512286,30.7114,6.780982905487715,6045.063693099442,0.8607810027204305
20101,79.55519874823764,72.80091,6.7542887482376415,6051.81798184768,0.8617427731394929
20527,14.345034329824804,7.74072,6.604314329824804,6058.422296177505,0.8626831880961785
20144,47.88841644049143,41.30604,6.58237644049143,6065.004672617996,0.8636204792283129
20553,13.532102892995736,7.04809,6.484012892995736,6071.488685510992,0.8645437639781586
20284,18.272148861839103,11.79748,6.474668861839103,6077.9633543728305,0.8654657181937176
20067,94.8735037225366,88.49566,6.377843722536596,6084.341198095367,0.8663738850871362
20304,12.260871519632108,5.88588,6.374991519632108,6090.716189614999,0.8672816458438785
20505,7.793875668122463,1.41934,6.374535668122463,6097.090725283122,0.8681893416900855
20281,16.121930832319894,9.81001,6.311920832319894,6103.402646115442,0.8690881215572586
20167,37.560383440697024,43.85173,6.29134655930298,6109.693992674745,0.869983971770708
20703,15.732957759086124,9.4657,6.2672577590861245,6115.961250433831,0.8708763918827297
20298,17.546718762180525,11.28594,6.260778762180525,6122.222029196012,0.8717678894242481
20559,13.378523005136527,7.1281,6.250423005136527,6128.472452201148,0.8726579123677499
20123,65.35707173186347,59.14818,6.208891731863467,6134.681343933012,0.8735420215057292
20337,19.9735837050276,13.82469,6.1488937050276,6140.830237638039,0.8744175872826583
20388,12.798563298586428,6.65028,6.148283298586428,6146.9785209366255,0.8752930661413522
20050,123.1638505386272,117.02742,6.136430538627195,6153.114951475252,0.876166857237746
20310,15.85477517113324,9.74985,6.104925171133239,6159.219876646385,0.8770361621577818
20408,17.833826359765048,11.77663,6.057196359765047,6165.27707300615,0.8778986707798472
20372,10.705909607827031,4.66326,6.042649607827031,6171.319722613977,0.8787591080312283
20292,15.820282501725789,9.80518,6.015102501725789,6177.334825115703,0.879615622739057
20377,13.22900691057994,7.24521,5.98379691057994,6183.318622026283,0.880467679717488
20686,15.574656905389345,9.60049,5.974166905389344,6189.2927889316725,0.8813183654406359
20537,17.99789378322891,12.0668,5.93109378322891,6195.223882714901,0.8821629178081791
20183,26.405189185812336,20.47573,5.9294591858123376,6201.153341900714,0.8830072374188029
20673,15.059320341451114,9.15194,5.907380341451114,6207.060722242165,0.8838484131337205
20338,14.023456371601974,8.13739,5.886066371601974,6212.946788613767,0.884686553866499
20491,17.79652634845652,11.94289,5.85363634845652,6218.800424962224,0.8855200767574715
20817,7.163447980984391,1.35408,5.8093679809843914,6224.609792943208,0.886347296097038
20835,6.782030509173762,0.97552,5.806510509173761,6230.416303452382,0.8871741085496676
20438,10.503371644702224,16.27824,5.774868355297777,6236.19117180768,0.8879964153483745
20212,28.2320400478602,22.49479,5.737250047860201,6241.92842185554,0.8888133655245476
20130,88.98955245836214,83.3077,5.681852458362144,6247.610274313903,0.8896224274144995
20353,12.304793558636824,6.63564,5.669153558636824,6253.27942787254,0.890429681056897
20336,14.265172770194829,8.61019,5.654982770194829,6258.934410642734,0.8912349168635687
20513,7.173855297026888,12.77476,5.6009047029731125,6264.535315345707,0.8920324522761186
20348,17.25266815622713,11.72618,5.526488156227131,6270.061803501934,0.8928193912164097
20484,7.05796887692399,1.56548,5.49248887692399,6275.554292378858,0.8936014888621808
20453,10.871706483576478,16.32757,5.455863516423523,6281.010155895282,0.8943783712751378
20659,13.1684126788309,7.73487,5.433542678830901,6286.443698574113,0.8951520753339961
20091,86.84050144968062,92.24345,5.40294855031938,6291.846647124433,0.8959214229714908
20531,17.80359890300719,12.40991,5.393688903007192,6297.24033602744,0.8966894520904548
20357,12.965143319956464,18.325,5.359856680043535,6302.600192707484,0.8974526637027249
20251,20.15469377147328,14.79641,5.35828377147328,6307.958476478957,0.8982156513421992
20593,13.512995094537334,8.18131,5.331685094537335,6313.2901615734945,0.8989748514887757
20649,9.494043849107053,14.79183,5.2977861508929465,6318.587947724387,0.8997292246280313
20220,24.74479699904404,19.46485,5.279946999044043,6323.867894723431,0.900481057578499
20477,11.28994328400951,6.01202,5.2779232840095105,6329.1458180074405,0.9012326023640199
20254,22.678670928275256,17.46847,5.210200928275256,6334.356018935716,0.9019745038901421
20272,17.785434636102586,12.66437,5.121064636102586,6339.477083571818,0.9027037129400801
20249,13.048248901043705,8.00053,5.047718901043705,6344.524802472862,0.9034224779949548
20282,17.82761510992416,12.8247,5.00291510992416,6349.527717582786,0.9041348632572906
20179,34.751860423213095,39.70194,4.950079576786905,6354.477797159573,0.9048397250549449
20530,7.626075931977857,2.70755,4.918525931977857,6359.396323091551,0.9055400938018395
20264,21.493222924015843,16.582530000000002,4.910692924015841,6364.307016015567,0.9062393471751351
20379,11.323047541968428,6.4533,4.869747541968429,6369.176763557535,0.9069327701703231
20278,11.121895413234816,6.27424,4.847655413234816,6374.02441897077,0.9076230473781896
20396,10.768333780639637,5.93867,4.8296637806396365,6378.85408275141,0.9083107626849194
20051,137.28216659127622,132.46038,4.821786591276236,6383.675869342686,0.9089973563268824
20526,18.468489511982472,13.65706,4.811429511982473,6388.487298854669,0.9096824751825481
20524,8.148793801803372,3.37671,4.7720838018033715,6393.259382656472,0.910361991443836
20215,27.881560018614188,23.14009,4.741470018614187,6398.000852675086,0.9110371484850514
20071,109.47899255546604,104.77091,4.708082555466035,6402.708935230552,0.9117075513507169
20460,13.637308632115484,8.94893,4.688378632115484,6407.397313862668,0.9123751484952586
20201,30.83281578094783,26.16699,4.665825780947831,6412.063139643616,0.9130395342483529
20107,90.7214258576836,86.05666,4.664765857683605,6416.7279055013,0.9137037690746984
20464,8.206160574575144,3.55347,4.652690574575144,6421.380596075875,0.9143662844527749
20319,16.384524863866403,11.81172,4.572804863866404,6425.953400939741,0.9150174245822755
20417,11.861726416422693,7.38835,4.473376416422693,6430.426777356164,0.9156544066940885
20362,11.089949799315036,6.61718,4.472769799315036,6434.899547155479,0.9162913024272445
20609,4.942612312920454,0.47173,4.4708823129204545,6439.370429468399,0.9169279293935996
20711,11.460051665529296,7.00535,4.454701665529296,6443.825131133929,0.9175622523323061
20795,8.004201805066106,3.56276,4.441441805066106,6448.2665729389955,0.9181946871459962
20275,19.37007216163072,14.93964,4.430432161630719,6452.6970051006265,0.9188255542521486
20307,17.940280413035683,13.52531,4.414970413035684,6457.111975513662,0.919454219697552
20246,20.222447581997244,24.60939,4.386942418002757,6461.498917931665,0.9200788941236885
20349,13.138433822668937,17.46373,4.325296177331065,6465.824214108997,0.9206947904929585
20623,14.4804481477176,10.20951,4.270938147717601,6470.095152256715,0.9213029466031326
20679,6.103419665745344,10.29418,4.190760334254657,6474.285912590969,0.9218996858710411
20419,9.434731349338144,13.59539,4.160658650661857,6478.446571241631,0.9224921388388043
20620,11.05833122079331,6.91217,4.14616122079331,6482.5927324624245,0.9230825274590514
20732,10.099241023380197,5.96173,4.137511023380196,6486.730243485805,0.9236716843427973
20403,15.070406872913894,10.9533,4.117106872913894,6490.847350358718,0.9242579357972559
20785,7.042528033540484,2.93047,4.1120580335404835,6494.959408392258,0.9248434683271108
20476,23.823989440567324,19.73377,4.090219440567324,6499.0496278328255,0.925425891171624
20325,9.357357361133838,5.26778,4.089577361133838,6503.139205193959,0.9260082225878566
20442,19.70639626319705,23.79055,4.08415373680295,6507.2233589307625,0.9265897817123442
20465,7.608319833277141,3.54101,4.067309833277141,6511.29066876404,0.9271689423654668
20058,113.77962766891436,117.82985,4.050222331085635,6515.340891095126,0.9277456698602279
20321,23.632616068836697,27.62797,3.9953539311633044,6519.336245026289,0.9283145844222062
20227,42.7044852056667,38.71265,3.9918352056667032,6523.328080231956,0.9288829979386676
20424,9.410336814947543,5.42003,3.9903068149475436,6527.318387046904,0.9294511938214097
20569,8.86969816431979,12.84918,3.979481835680211,6531.297868882584,0.9300178482916902
20122,68.5922136623206,64.62255,3.969663662320599,6535.2675325449045,0.9305831047126631
20409,6.355067829866772,2.40926,3.9458078298667716,6539.213340374771,0.9311449642054277
20342,15.896579164745738,11.97748,3.919099164745738,6543.132439539517,0.9317030205436333
20458,26.332492871468528,22.48458,3.8479128714685267,6546.980352410986,0.9322509403784011
20139,57.30057737997842,53.48889,3.811687379978423,6550.792039790964,0.9327937019193159
20381,14.467658971981333,18.21145,3.7437910280186664,6554.5358308189825,0.9333267954248073
20574,6.347526493849076,2.60938,3.738146493849076,6558.273977312831,0.9338590851823105
20588,4.30520010501059,0.6005999999999999,3.7046001050105897,6561.978577417842,0.9343865981341938
20450,9.927117659615398,6.24297,3.684147659615398,6565.662725077457,0.9349111987798799
20681,12.511594526749032,8.83008,3.681514526749032,6569.344239604206,0.9354354244831562
20592,15.726624080666072,12.04725,3.679374080666072,6573.0236136848725,0.935959345399681
20273,16.096341587873532,12.4634,3.632941587873532,6576.656555272746,0.9364766546062662
20432,9.061077946003223,5.4624,3.5986779460032237,6580.25523321875,0.9369890848746792
20600,5.098823091201777,1.55091,3.547913091201777,6583.803146309951,0.9374942865306511
20495,16.141986553657976,12.65039,3.491596553657976,6587.29474286361,0.937991469047683
20746,7.744673092811164,4.26365,3.4810230928111636,6590.775765956421,0.9384871459669757
20414,31.941468118853187,28.50819,3.4332781188531882,6594.2090440752745,0.9389760242868416
20316,23.83016906492196,27.23436,3.404190935078038,6597.613235010353,0.9394607607652832
20038,161.08660498438,157.68477,3.4018349843800024,6601.015069994733,0.9399451617704019
20324,14.355737207626632,10.95741,3.3983272076266324,6604.413397202359,0.9404290632890396
20240,22.91485544832377,19.51977,3.395085448323769,6607.808482650683,0.9409125032004944
20142,39.27266146299563,35.89411,3.378551462995631,6611.187034113678,0.9413935887710863
20459,18.800326709971195,15.42616,3.3741667099711954,6614.561200823649,0.9418740499790088
20385,10.799476179189408,7.4722,3.3272761791894085,6617.888477002839,0.9423478342551149
20238,19.923044788352016,16.61631,3.306734788352017,6621.195211791191,0.9428186935597236
20225,19.94216649195259,16.66252,3.2796464919525903,6624.4748582831435,0.9432856956525443
20343,15.236396282697656,11.96007,3.2763262826976565,6627.751184565841,0.9437522249673767
20720,12.185506205810382,8.95012,3.235386205810382,6630.986570771652,0.9442129246595246
20682,8.578551784217069,5.3508,3.2277517842170695,6634.214322555868,0.9446725372555874
20407,9.830039926393065,6.63483,3.1952099263930647,6637.409532482261,0.9451275160852534
20660,3.409198390623438,0.22825,3.180948390623438,6640.590480872885,0.9455804641573156
20691,11.132970629757008,7.99868,3.1342906297570075,6643.7247715026415,0.9460267684426086
20552,5.529767742065241,2.39711,3.132657742065241,6646.8574292447065,0.9464728402144367
20433,12.635144102624048,15.75243,3.117285897375952,6649.9747151420825,0.9469167231272955
20382,12.42335783731707,9.3097,3.1136578373170707,6653.0883729793995,0.9473600894260482
20267,21.103879428814672,18.01748,3.0863994288146728,6656.174772408214,0.9477995742900643
20757,5.455762112889994,2.37376,3.0820021128899944,6659.2567745211045,0.948238433002529
20694,11.960239696871978,8.90416,3.0560796968719792,6662.312854217977,0.9486736005176157
20479,10.883074061362844,7.92463,2.9584440613628447,6665.271298279339,0.9490948653007376
20239,17.162341236737042,20.10279,2.940448763262957,6668.211747042602,0.9495135676607771
20314,15.953117028513812,18.85205,2.898932971486186,6671.110680014088,0.9499263584197667
20151,47.69842946437028,44.81184,2.8865894643702816,6673.997269478458,0.9503373915369892
20180,39.83275555794759,36.95611,2.8766455579475902,6676.873915036406,0.9507470087012663
20488,11.494739345706428,8.62499,2.8697493457064276,6679.743664382113,0.9511556438860655
20928,5.737917302823574,2.92793,2.809987302823574,6682.553651684936,0.9515557693125217
20469,10.231401958499974,7.43516,2.7962419584999747,6685.349893643436,0.9519539374839563
20482,8.441390791386747,5.68619,2.7552007913867467,6688.105094434823,0.9523462616380611
20344,18.741134656014104,15.9908,2.750334656014104,6690.855429090837,0.9527378928835224
20962,4.689484050016199,1.99182,2.6976640500161997,6693.553093140853,0.9531220241489425
20975,4.380650836579344,1.69045,2.6902008365793435,6696.243293977433,0.9535050926972977
20721,2.787214043950496,0.10375,2.6834640439504964,6698.926758021383,0.9538872019665768
20290,18.90069638735953,21.56585,2.66515361264047,6701.591911634023,0.9542667039396844
20283,15.44701999692167,12.82352,2.6234999969216695,6704.215411630945,0.9546402746864352
20335,14.385489247783974,11.7811,2.604389247783974,6706.8198008787285,0.9550111241765309
20555,4.381088059039534,1.79267,2.588418059039534,6709.408218937768,0.9553796994646395
20463,7.639308319110546,10.21467,2.575361680889454,6711.9835806186575,0.9557464156023991
20579,5.667873658596367,3.101,2.566873658596367,6714.550454277254,0.956111923096427
20406,12.842764858138484,10.27615,2.5666148581384842,6717.117069135393,0.9564773937388137
20383,9.980243600739204,7.43444,2.5458036007392035,6719.662872736132,0.9568399009823148
20109,59.29952757349975,61.8432,2.543672426500251,6722.206545162632,0.9572021047593194
20995,4.081264149497418,1.55285,2.5284141494974177,6724.73495931213,0.9575621358487159
20259,14.960175706772272,12.43223,2.5279457067722717,6727.2629050189025,0.9579221002346632
20646,6.574628549696531,4.05327,2.5213585496965303,6729.784263568599,0.9582811266487443
20253,17.735874111483632,15.26885,2.4670241114836315,6732.251287680083,0.9586324161630041
20456,8.50103203386851,6.10371,2.3973220338685097,6734.648609713951,0.9589737805172809
20480,7.605434466396952,5.21702,2.388414466396952,6737.037024180348,0.9593138764870958
20120,74.59028319591505,72.21068,2.3796031959150525,6739.416627376264,0.9596527177845654
20638,5.970287201165158,8.33849,2.368202798834842,6741.784830175099,0.9599899357335101
20832,2.5796004947452333,0.23123,2.3483704947452333,6744.133200669844,0.9603243296806794
20733,3.374756500490008,1.11124,2.263516500490008,6746.396717170334,0.9606466409253385
20367,11.80657954438171,9.55006,2.2565195443817103,6748.653236714716,0.9609679558451942
20525,18.17067411778104,15.9413,2.22937411778104,6750.8826108324965,0.961285405418262
20296,16.43235084965199,18.64666,2.2143091503480115,6753.096919982844,0.9616007098298508
20762,9.028994974221575,6.82849,2.200504974221575,6755.297424957066,0.9619140486091203
20666,4.3823111974110365,2.184,2.1983111974110363,6757.4957361544775,0.9622270750076609
20684,2.956033672906002,0.76875,2.187283672906002,6759.683019827384,0.9625385311525064
20606,4.523586352295791,2.34434,2.179246352295791,6761.86226617968,0.9628488428308507
20234,6.984335752597737,4.84796,2.136375752597737,6763.998641932278,0.9631530499915806
20605,4.311714150166325,6.43393,2.122215849833675,6766.120857782112,0.9634552408666403
20081,92.15283868620116,94.25871,2.105871313798829,6768.226729095911,0.9637551043772864
20611,11.275866272497344,9.19572,2.0801462724973447,6770.306875368408,0.9640513047955367
20346,12.900639856985164,14.96339,2.0627501430148367,6772.369625511423,0.9643450281087406
20580,17.95809261386146,15.91044,2.0476526138614606,6774.417278125285,0.9646366016238708
20541,10.230829243118272,8.18859,2.0422392431182725,6776.459517368403,0.9649274043073054
20544,8.467554214172218,6.43633,2.0312242141722177,6778.4907415825755,0.965216638516338
20617,3.398531683320769,1.36963,2.028901683320769,6780.519643265896,0.9655055420108344
20547,14.246090826969064,12.23047,2.015620826969064,6782.535264092865,0.9657925543906251
20756,2.3961520824327325,4.40403,2.007877917567267,6784.543142010432,0.966078464226314
20758,2.4138696464438274,4.3724300000000005,1.958560353556173,6786.501702363988,0.9663573515351355
20815,8.278523916053775,6.33522,1.9433039160537753,6788.445006280042,0.9666340664182824
20667,4.488838103272896,2.54736,1.9414781032728965,6790.386484383315,0.9669105213165827
20705,2.9502559346647965,1.03194,1.9183159346647964,6792.30480031798,0.9671836780602677
20350,3.1286913902280045,1.23931,1.8893813902280046,6794.194181708208,0.9674527146974595
20987,2.0443362015201165,0.16926,1.8750762015201166,6796.069257909728,0.9677197143611296
20305,4.421198887546431,2.56676,1.8544388875464315,6797.923696797274,0.9679837753944198
20549,6.0052544878511,4.18343,1.8218244878510994,6799.745521285125,0.9682431923317837
20269,17.313220190787238,19.13008,1.8168598092127617,6801.562381094337,0.9685019023285305
20642,4.837962189025298,3.02384,1.8141221890252979,6803.376503283363,0.9687602225044964
20563,5.655015406825534,7.4654,1.810384593174466,6805.186887876537,0.9690180104691132
20359,12.377856519670068,14.16642,1.7885634803299322,6806.975451356867,0.9692726912374539
20320,15.259564657525791,13.48012,1.7794446575257918,6808.754896014392,0.9695260735398338
20447,8.430687974926489,6.65567,1.775017974926489,6810.529913989319,0.9697788255090227
20724,3.240532029955859,1.47147,1.769062029955859,6812.298976019274,0.9700307293871834
21074,1.77171569963719,0.00311,1.76860569963719,6814.067581718911,0.9702825682866293
20578,5.229069937753845,3.4644,1.7646699377538453,6815.832251656665,0.9705338467570653
20680,3.4382729111132604,5.18177,1.7434970888867398,6817.575748745552,0.970782110340148
20699,1.294602528751159,3.03395,1.7393474712488408,6819.315096216801,0.9710297830424374
20565,5.559730869875237,3.83425,1.7254808698752369,6821.040577086676,0.9712754812234246
20315,14.94667414599496,16.64451,1.6978358540050404,6822.738412940682,0.9715172429190927
20827,4.279701888471969,2.60942,1.670281888471969,6824.408694829154,0.9717550810944665
20181,35.029857984117456,33.36284,1.6670179841174573,6826.075712813272,0.9719924545093338
20924,2.0534970877160426,3.70952,1.6560229122839574,6827.731735725556,0.972228262291573
20415,6.492221676676935,4.85906,1.6331616766769343,6829.364897402233,0.9724608147702605
20231,22.941273206809328,21.31542,1.625853206809328,6830.990750609042,0.9726923265664441
20744,2.2903151941524467,3.90804,1.6177248058475535,6832.60847541489,0.9729226809268279
20696,3.406600189239474,4.999,1.5923998107605257,6834.20087522565,0.9731494291590098
20366,11.91039531557216,10.34722,1.5631753155721597,6835.764050541222,0.9733720159974417
20502,7.391435713852346,5.83704,1.5543957138523457,6837.318446255074,0.9735933526729711
20713,3.0217725701331912,1.468,1.5537725701331913,6838.872218825208,0.9738146006165529
20743,2.650987544413505,1.11232,1.5386675444135052,6840.410886369621,0.9740336976945945
20735,2.885012191863796,1.37555,1.509462191863796,6841.920348561484,0.9742486361046833
20053,144.8658317257966,146.36584,1.5000082742033953,6843.420356835688,0.9744622283333031
20632,3.559148159335462,2.05983,1.4993181593354623,6844.919674995023,0.9746757222936833
20514,7.264065116211757,5.77288,1.4911851162117573,6846.410860111235,0.9748880581572473
20651,3.861823364839255,2.37627,1.4855533648392552,6847.8964134760745,0.9750995920930173
20421,10.486191007746234,11.95817,1.4719789922537672,6849.368392468328,0.9753091931191209
21006,2.432252541149424,0.96358,1.4686725411494241,6850.837065009478,0.9755183233263149
20205,30.598009794529712,29.13191,1.4660997945297112,6852.303164804007,0.9757270871897401
20706,3.4150083229533474,4.85225,1.4372416770466523,6853.7404064810535,0.9759317418294144
20824,1.714442610086251,0.28688,1.427562610086251,6855.16796909114,0.9761350182277028
20708,2.894099217232758,4.31759,1.4234907827672418,6856.591459873907,0.9763377148220749
20640,4.14920645781538,2.72739,1.4218164578153796,6858.013276331722,0.9765401730025635
20497,6.963361431493279,5.5455,1.4178614314932796,6859.431137763216,0.976742068010901
20496,7.908577047306522,6.49094,1.4176370473065214,6860.848774810523,0.9769439310682692
20356,12.419291831189677,13.82404,1.4047481688103236,6862.253522979333,0.9771439588262395
20219,21.706052307310152,23.10671,1.4006576926898475,6863.654180672022,0.9773434041248156
20750,2.750882305224529,1.37322,1.377662305224529,6865.031842977247,0.9775395750174158
20398,2.423989766476926,1.0473,1.3766897664769262,6866.408532743724,0.9777356074263012
20751,1.6715581355044296,3.04284,1.3712818644955704,6867.77981460822,0.9779308697822099
20920,3.847395115659898,2.4836,1.3637951156598977,6869.143609723879,0.9781250660697531
20910,3.855228909987592,5.20738,1.3521510900124079,6870.495760813892,0.9783176043175171
20106,75.86289487286399,74.51262,1.3502748728639915,6871.846035686756,0.9785098754031533
20771,2.2926649666536507,0.95168,1.3409849666536506,6873.18702065341,0.9787008236615723
20583,4.996832216542462,3.65662,1.3402122165424615,6874.527232869953,0.978891661884986
20907,4.813658139896171,3.47802,1.3356381398961714,6875.862871009849,0.979081848787176
20390,10.601325550531008,9.2709,1.3304255505310092,6877.19329656038,0.9792712934477407
20828,1.804865090283562,0.47617,1.328695090283562,6878.521991650664,0.9794604917010907
20570,5.569915627457798,6.88673,1.3168143725422023,6879.838806023206,0.9796479982111193
20927,4.370796583993382,3.05867,1.3121265839933818,6881.1509326072,0.9798348372080277
20386,12.513322413995148,11.22573,1.2875924139951476,6882.438525021195,0.9800181826855087
20567,8.31127120881822,7.02946,1.281811208818219,6883.720336230013,0.9802007049538652
20361,14.843287597738628,13.57393,1.2693575977386278,6884.989693827752,0.9803814539023071
20280,15.757938627509237,17.02489,1.2669513724907624,6886.256645200242,0.9805618602186302
20615,15.332133087864335,14.06805,1.2640830878643357,6887.5207282881065,0.9807418581083358
21079,1.9346511581502064,0.68459,1.2500611581502064,6888.7707894462565,0.9809198593589104
20317,16.06485608140256,14.82331,1.2415460814025607,6890.012335527659,0.9810966481133603
20654,3.998644069645029,5.23921,1.240565930354971,6891.252901458014,0.9812732973001489
20902,2.7987004931370607,1.56067,1.2380304931370607,6892.490931951151,0.9814495854558051
20745,2.50151808588013,1.30308,1.19843808588013,6893.689370037031,0.9816202358888915
20568,4.0488301085807095,2.85831,1.1905201085807096,6894.879890145612,0.9817897588492522
20953,1.208920652988997,2.3988,1.189879347011003,6896.069769492623,0.9819591905689884
20354,13.469392068992272,12.29584,1.1735520689922723,6897.243321561616,0.9821262973817495
21007,2.97080887141532,1.8007300000000002,1.1700788714153196,6898.413400433031,0.9822929096318981
20786,1.752596506402252,0.60138,1.151216506402252,6899.564616939433,0.982456835993809
20585,5.972821078500084,7.09842,1.1255989214999156,6900.690215860933,0.9826171145644741
20777,3.202380437946574,2.07783,1.1245504379465738,6901.8147662988795,0.9827772438373369
20614,3.3432277848349816,2.23479,1.1084377848349818,6902.923204083714,0.9829350787645309
20365,12.00903247738734,10.90371,1.1053224773873396,6904.028526561102,0.9830924700905315
20358,12.020099323163292,10.92,1.1000993231632918,6905.128625884266,0.983249117670534
20400,10.841129484787505,9.74484,1.0962894847875049,6906.224915369053,0.9834052227522826
20311,19.25997389679945,18.16724,1.0927338967994515,6907.317649265852,0.9835608215395157
20222,22.100747919412484,21.01334,1.0874079194124846,6908.405057185265,0.9837156619393459
20843,1.860772309774019,0.77417,1.086602309774019,6909.491659495039,0.9838703876251701
20951,1.4040423119320158,0.3287,1.0753423119320158,6910.567001806971,0.9840235099544831
20852,1.3378564796323618,0.29701,1.0408464796323618,6911.607848286603,0.984171720283092
20754,9.589783898617362,8.55531,1.034473898617362,6912.642322185221,0.9843190231941856
20641,3.224648802649748,2.19101,1.0336388026497483,6913.675960987871,0.984466207192596
21154,1.14339499284866,0.12383,1.01956499284866,6914.695525980719,0.9846113871644604
20536,6.34638437676344,5.33565,1.0107343767634394,6915.706260357482,0.984755309709281
20811,3.667115815706752,2.65751,1.009605815706752,6916.715866173189,0.9848990715537408
20737,3.0760073795606604,2.07177,1.0042373795606605,6917.72010355275,0.9850420689649235
20380,13.640574881426154,14.64208,1.0015051185738457,6918.721608671323,0.9851846773184433
20329,12.053843958055303,11.05355,1.0002939580553036,6919.721902629379,0.9853271132099316
20628,4.2544497226187845,3.28467,0.9697797226187843,6920.691682351998,0.9854652040563534
20912,4.0019145122913615,3.03888,0.9630345122913617,6921.654716864289,0.9856023344250692
20742,1.8818784863262208,0.91993,0.9619484863262208,6922.616665350615,0.985739310150167
20709,7.690105362261255,8.64319,0.9530846377387459,6923.569749988354,0.9858750237161111
21146,1.3466929457086196,0.39513,0.9515629457086197,6924.521312934062,0.9860105206021892
20714,3.291611899486673,4.22997,0.9383581005133266,6925.459671034575,0.9861441371970966
20466,8.182654332843356,7.27034,0.9123143328433558,6926.371985367418,0.9862740453148751
20323,25.31991743376758,24.40797,0.9119474337675797,6927.283932801186,0.9864039011884141
20522,13.553409408965878,12.64676,0.9066494089658779,6928.190582210152,0.9865330026548315
20352,16.460795550341725,17.35029,0.889494449658276,6929.0800766598095,0.9866596613573965
20932,2.749851714184943,1.87,0.8798517141849427,6929.959928373994,0.9867849469919624
21027,0.8609951181197275,1.73954,0.8785448818802726,6930.838473255874,0.9869100465414051
20629,3.2013472378808707,2.32608,0.8752672378808706,6931.713740493755,0.987034679373898
20341,9.312386592982351,8.46183,0.8505565929823504,6932.5642970867375,0.9871557935579908
20256,18.477394927824857,17.63436,0.8430349278248563,6933.407332014563,0.9872758367018422
20418,1.353035874745169,0.5267000000000001,0.8263358747451689,6934.233667889308,0.987393502000168
20997,1.7143815299851064,0.88972,0.8246615299851064,6935.058329419293,0.9875109288817897
20662,10.679304985302052,11.50205,0.8227450146979489,6935.881074433991,0.9876280828630692
20672,4.235749104367921,3.41448,0.8212691043679206,6936.702343538359,0.9877450266835236
20936,0.9834853181854032,0.16453,0.8189553181854032,6937.5212988565445,0.9878616410346306
20520,7.804132675689856,6.9888,0.8153326756898558,6938.336631532235,0.9879777395430602
20775,3.0046288406357,2.19749,0.8071388406356999,6939.143770372871,0.9880926712982658
20855,2.077319769620756,1.27043,0.8068897696207562,6939.950660142492,0.9882075675872449
20189,31.78877327992864,32.59489,0.8061167200713584,6940.756776862563,0.9883223537985804
21112,1.35664671714661,0.55859,0.7980567171466099,6941.554833579709,0.9884359923135885
20473,7.399610089502996,6.6120600000000005,0.7875500895029957,6942.342383669213,0.9885481347475068
20655,3.361777050515677,2.58001,0.7817670505156769,6943.124150719728,0.988659453711177
20781,1.489819299810044,0.70834,0.7814792998100439,6943.905630019538,0.9887707317008636
20812,1.5493467037720188,0.76986,0.7794867037720188,6944.68511672331,0.9888817259567629
20715,2.4000198888650446,1.62241,0.7776098888650447,6945.462726612175,0.9889924529654175
20652,4.459779528405394,3.69362,0.7661595284053941,6946.2288861405805,0.9891015495110598
20831,1.8871356274742888,2.65266,0.7655243725257113,6946.994410513106,0.9892105556142943
20624,6.100847991585918,5.34485,0.7559979915859181,6947.750408504692,0.9893182052177212
20302,3.1125040456522526,2.35687,0.7556340456522528,6948.506042550344,0.9894258029974184
20470,9.029170790481588,8.27397,0.7552007904815881,6949.261243340826,0.9895333390841644
20517,4.762582492659165,4.0131,0.7494824926591654,6950.010725833485,0.9896400609194179
20990,1.2025009518222154,0.4538,0.7487009518222154,6950.7594267853065,0.9897466714679193
20968,2.659743567894876,1.91479,0.7449535678948762,6951.504380353202,0.9898527484113078
21109,1.6926511666287776,0.9539,0.7387511666287776,6952.24313151983,0.9899579421697619
20904,3.822916405276035,4.55923,0.7363135947239652,6952.979445114554,0.9900627888325203
20639,4.249188663626665,4.9791,0.7299113363733349,6953.709356450928,0.9901667238518879
20647,2.647280892088688,1.92544,0.7218408920886881,6954.431197343017,0.9902695096881406
20411,8.406262105549065,9.12526,0.7189978944509363,6955.150195237467,0.9903718906984923
20657,2.995062244716312,3.71165,0.7165877552836881,6955.866782992751,0.9904739285194062
21086,1.3363262289487488,0.63302,0.7033062289487487,6956.570089221699,0.9905740751302128
20996,0.927260948732365,0.22495,0.702310948732365,6957.272400170432,0.9906740800190549
20730,2.28954989231168,1.58932,0.7002298923116801,6957.9726300627435,0.990773788577879
20800,1.3486669507700504,0.66127,0.6873969507700504,6958.660027013513,0.9908716698023937
20532,5.714159438034396,6.38886,0.6747005619656044,6959.334727575479,0.9909677431368944
20701,3.0879886017414453,3.76215,0.6741613982585548,6960.008888973737,0.9910637396977
20218,30.702662864148373,31.36932,0.6666571358516258,6960.675546109589,0.9911586676963122
20846,1.2196858093982117,0.55875,0.6609358093982117,6961.336481918987,0.9912527810121731
20276,19.285300385343096,18.62694,0.6583603853430944,6961.994842304331,0.9913465276030144
20917,2.9477560661637447,2.29184,0.6559160661637446,6962.650758370494,0.9914399261373884
20509,0.4545777675887397,1.10399,0.6494122324112603,6963.300170602905,0.9915323985646404
20877,1.4607471330234842,0.8133,0.6474471330234842,6963.947617735929,0.9916245911734642
21044,1.1336988168904123,1.76904,0.6353411831095876,6964.582958919039,0.991715059967249
20809,2.565225175913727,3.19917,0.6339448240862731,6965.216903743125,0.99180532992784
20700,3.7397715898905832,3.11353,0.6262415898905833,6965.843145333016,0.9918945029938421
21093,0.9053250449128044,0.2881,0.6172250449128044,6966.4603703779285,0.9919823921576354
20862,1.9190372821565,1.30819,0.6108472821565001,6967.071217660085,0.9920693731660644
20793,2.0407489670783203,2.64061,0.5998610329216798,6967.671078693006,0.9921547897981506
20982,0.7273300881798698,0.1317799999999999,0.5955500881798699,6968.266628781186,0.9922395925774263
20945,1.4628405595145384,0.86828,0.5945605595145383,6968.861189340701,0.9923242544537241
21144,0.9553571514083982,0.36366,0.5916971514083982,6969.4528864921085,0.9924085085977916
20612,4.775010924377382,4.18386,0.5911509243773816,6970.0440374164855,0.9924926849623888
20919,1.0203381001914713,0.43074,0.5895981001914713,6970.633635516677,0.9925766402140869
20899,2.9088967642439174,2.32761,0.5812867642439175,6971.21492228092,0.9926594119811346
20404,9.830613236309564,9.25704,0.5735732363095636,6971.788495517229,0.9927410853878263
20428,2.229830914050199,1.65654,0.5732909140501989,6972.36178643128,0.9928227185935128
20286,49.99120324742219,50.55931,0.5681067525778118,6972.9298931838575,0.9929036136055363
20933,3.1128190611332016,3.68027,0.5674509388667985,6973.497344122724,0.9929844152336001
20913,1.341817903870742,0.78256,0.559257903870742,6974.056602026595,0.9930640502223634
21140,1.1116925714147847,0.55694,0.5547525714147847,6974.61135459801,0.9931430436786656
21056,1.19574482700116,0.64179,0.5539548270011599,6975.1653094250105,0.9932219235409228
21073,1.3057913306165754,0.75292,0.5528713306165753,6975.718180755627,0.9933006491197593
20670,0.2970504314672069,0.8472799999999999,0.550229568532793,6976.26841032416,0.993378998527437
21022,1.3054651262221513,0.76216,0.5433051262221513,6976.8117154503825,0.9934563619358435
20826,1.244897494706542,1.78647,0.5415725052934579,6977.353287955676,0.9935334786293674
20589,6.207003064048891,6.74483,0.5378269359511094,6977.891114891627,0.9936100619761642
21105,0.971429283551012,0.43487,0.536559283551012,6978.427674175177,0.9936864648168225
20783,3.1278720667341453,3.65745,0.5295779332658546,6978.957252108443,0.9937618735548538
21042,1.1181121204518258,1.61798,0.49986787954817413,6979.457119987991,0.9938330517584972
20768,2.010255875045893,1.51197,0.49828587504589295,6979.9554058630365,0.9939040046941384
20602,3.7630617186696016,3.26558,0.49748171866960167,6980.452887581706,0.9939748431227095
20845,1.729646125755919,2.22201,0.492363874244081,6980.94525145595,0.9940449528007694
20678,0.8829746213706439,0.391,0.49197462137064385,6981.437226077321,0.9941150070515427
20434,8.751119690909636,8.25951,0.4916096909096357,6981.928835768231,0.9941850093383956
20759,1.968372845441612,1.49063,0.47774284544161216,6982.4065786136725,0.9942530370691888
21034,1.0249515910125455,0.55135,0.4736015910125455,6982.8801802046855,0.9943204751100596
20478,4.883212847799095,5.35491,0.471697152200905,6983.351877356887,0.9943876419702063
20330,14.262511858911347,13.79536,0.4671518589113468,6983.819029215798,0.9944541616077075
20788,1.0081272872369162,1.47053,0.46240271276308365,6984.281431928561,0.9945200049951324
20230,17.722297234116468,18.17921,0.45691276588353347,6984.738344694444,0.9945850666468766
21153,0.700979004693585,0.25441,0.44656900469358496,6985.184913699138,0.9946486554087425
21040,1.0897581950329498,0.6441600000000001,0.44559819503294973,6985.630511894171,0.9947121059331049
20500,8.172537419371391,8.61567,0.4431325806286086,6986.0736444748,0.9947752053686868
20197,28.35073802829333,27.90918,0.44155802829332913,6986.515202503093,0.9948380805974106
20685,0.5117479769041673,0.95115,0.43940202309583276,6986.954604526189,0.9949006488238579
20416,1.2941414511417366,0.8585,0.4356414511417366,6987.390245977331,0.9949626815672958
20586,0.769988830612476,0.33821,0.431778830612476,6987.822024807943,0.9950241642966164
20426,7.624045490067469,8.05316,0.4291145099325311,6988.251139317876,0.9950852676425684
21168,0.5597282876807342,0.14085,0.4188782876807342,6988.6700176055565,0.9951449134115451
21014,0.6775351360174648,1.09473,0.41719486398253514,6989.087212469539,0.9952043194710309
21142,0.5168976023017076,0.1070199999999999,0.40987760230170767,6989.497090071841,0.9952626835961113
21159,0.5512253847339942,0.14194,0.4092853847339942,6989.906375456575,0.9953209633929433
21008,0.5853325113989056,0.99321,0.4078774886010944,6990.314252945176,0.995379042713766
20601,0.9783661417732384,0.57274,0.4056261417732384,6990.71987908695,0.9954368014562328
20947,0.8543735913910769,0.45535,0.39902359139107696,6991.11890267834,0.9954936200349185
20849,1.6818609959105957,2.0799600000000003,0.3980990040894046,6991.5170016824295,0.9955503069578889
20572,4.292692307928636,3.90293,0.3897623079286361,6991.906763990358,0.9956058067850659
21084,0.85702359274495,0.4728799999999999,0.3841435927449501,6992.290907583103,0.9956605065407242
20931,1.0543999648317277,1.43487,0.3804700351682724,6992.671377618271,0.9957146832037016
20818,1.9429691172836057,1.56334,0.3796291172836057,6993.051006735555,0.9957687401249894
20140,57.773138344223085,58.149,0.3758616557769159,6993.426868391332,0.9958222605822367
20810,1.97247054803822,1.60242,0.37005054803822013,6993.796918939371,0.9958749535724133
20676,1.7797542189662905,2.14578,0.3660257810337093,6994.162944720404,0.9959270734597818
20538,6.386632787673694,6.02223,0.3644027876736935,6994.527347508078,0.9959789622425792
20481,8.380099733174083,8.74287,0.3627702668259172,6994.890117774903,0.9960306185641481
20859,2.7016313016744737,3.06268,0.3610486983255261,6995.251166473228,0.9960820297446341
20773,0.5427146963618323,0.18296,0.3597546963618323,6995.61092116959,0.9961332566669611
20508,4.382831209893375,4.02445,0.3583812098933752,6995.969302379483,0.9961842880130096
20571,7.672498490026717,7.32115,0.35134849002671675,6996.32065086951,0.996234317941709
20300,16.79728598991831,17.14787,0.3505840100816897,6996.671234879592,0.9962842390130255
20765,0.6036589086226609,0.25988,0.3437789086226609,6997.015013788215,0.996333191078496
20878,1.607783726599432,1.26697,0.340813726599432,6997.355827514814,0.996381720919738
20991,0.4834184708368175,0.14446,0.3389584708368175,6997.694785985651,0.9964299865836285
20693,3.3729954443197827,3.71123,0.3382345556802173,6998.033020541331,0.9964781491663197
21058,1.505427289641157,1.84115,0.33572271035884316,6998.36874325169,0.9965259540772239
20986,0.9130515829656828,0.57885,0.3342015829656828,6998.702944834656,0.9965735423886629
20948,0.7524078959096562,0.41822,0.3341878959096562,6999.037132730566,0.996621128751147
20966,1.4015422190727025,1.73472,0.33317778092729755,6999.370310511493,0.996668571279284
21037,0.7743592421615186,0.4412,0.33315924216151865,6999.703469753655,0.9967160111676115
20326,15.977897753726673,15.6484,0.3294977537266721,7000.032967507382,0.9967629296818319
20741,1.6821761942029254,1.35364,0.32853619420292546,7000.361503701584,0.9968097112757129
20838,1.6420430817963585,1.96905,0.3270069182036415,7000.688510619788,0.996856275109816
20894,1.568972898594733,1.89225,0.3232771014052669,7001.011787721193,0.9969023078402605
21179,0.6180460654072701,0.29605,0.32199606540727016,7001.3337837866,0.996948158158822
20901,1.0604447093666454,0.73891,0.3215347093666454,7001.655318495967,0.9969939427830359
20801,1.9801267096270727,1.66194,0.31818670962707274,7001.973505205594,0.9970392506720624
20402,14.792723107748708,15.10782,0.315096892251292,7002.288602097845,0.9970841185895296
21039,1.6302267888647437,1.94374,0.3135132111352563,7002.6021153089805,0.9971287610002548
20539,6.130541930299657,5.81923,0.31131193029965676,7002.91342723928,0.9971730899617227
21001,0.8330116148415786,0.52382,0.30919161484157864,7003.222618854122,0.9972171170029199
20332,13.276417491841556,12.96845,0.3079674918415556,7003.5305863459635,0.9972609697363056
20863,1.396027730982902,1.09065,0.305377730982902,7003.835964076947,0.9973044537031965
20551,5.438250578760199,5.13514,0.3031105787601991,7004.139074655707,0.9973476148411377
20262,25.93884731423632,25.6396,0.2992473142363181,7004.438321969944,0.9973902258732603
21171,0.6002800570974959,0.30362,0.2966600570974959,7004.734982027041,0.9974324684954028
20599,4.8501931052985565,4.55627,0.2939231052985569,7005.02890513234,0.9974743213919389
20914,1.3522440872903585,1.06175,0.2904940872903585,7005.31939921963,0.9975156860167695
20661,3.7571149954935423,3.46726,0.2898549954935423,7005.609254215124,0.9975569596387414
20653,3.7149095706303297,3.43338,0.2815295706303296,7005.890783785754,0.9975970477698853
20697,2.8800957623267704,2.59869,0.2814057623267705,7006.1721895480805,0.9976371182714655
20658,3.686180398076114,3.40902,0.27716039807611415,7006.449349946157,0.997676584258506
20922,0.7715505006525653,1.04686,0.27530949934743465,7006.724659445505,0.9977157866886106
20483,8.248139915357822,8.52225,0.274110084642178,7006.998769530147,0.9977548183292174
20170,64.14382382078884,64.4108,0.2669761792111558,7007.265745709358,0.9977928341442545
20490,0.752990082316979,0.4861899999999999,0.26680008231697905,7007.532545791675,0.9978308248841444
21032,0.4426129469341279,0.17637,0.26624294693412787,7007.798788738609,0.9978687362912799
20942,1.461182301289985,1.72156,0.26037769871001504,7008.059166437319,0.9979058125220626
21003,0.7011955554049101,0.44116,0.2600355554049101,7008.319201992724,0.9979428400336801
20994,0.4431634629201426,0.18545,0.2577134629201426,7008.576915455644,0.9979795368931821
20235,32.39154726544845,32.13552,0.2560272654484521,7008.832942721092,0.9980159936482247
20864,1.4747067764961632,1.22199,0.2527167764961633,7009.0856594975885,0.9980519790093922
21064,0.5733938067328106,0.32759,0.2458038067328106,7009.331463304321,0.9980869800049108
21135,0.5389581599727591,0.29346,0.2454981599727591,7009.576961464294,0.9981219374781545
20965,0.7915132294502274,0.55034,0.24117322945022734,7009.8181346937445,0.9981562791070959
20822,6.164006450722807,5.92346,0.24054645072280678,7010.058681144467,0.9981905314864861
20644,2.3818965003465173,2.6208,0.23890349965348268,7010.29758464412,0.9982245499194464
20637,4.514233858286322,4.74964,0.23540614171367835,7010.532990785834,0.9982580703495029
20702,2.265766755287914,2.03063,0.23513675528791422,7010.768127541122,0.9982915524205395
21163,0.5653147478263427,0.339,0.2263147478263427,7010.994442288948,0.998323778290349
20957,0.8825719719762485,1.10726,0.22468802802375143,7011.219130316972,0.9983557725249643
21227,0.1998674269948867,0.42182,0.22195257300511329,7011.441082889977,0.9983873772471058
20664,2.7389017200611816,2.96002,0.2211182799388185,7011.662201169916,0.9984188631708923
20865,1.475059447143242,1.69039,0.21533055285675795,7011.877531722773,0.9984495249568741
20883,1.0742765324539467,0.86097,0.2133065324539467,7012.090838255227,0.9984798985344268
20542,8.04814127060501,8.25353,0.20538872939498987,7012.296226984622,0.9985091446640644
20949,1.0926238335627751,0.88794,0.2046838335627752,7012.500910818185,0.9985382904207412
20967,1.7586364349574717,1.55408,0.20455643495747178,7012.705467253142,0.9985674180366166
20802,1.2478006202122474,1.04494,0.20286062021224738,7012.908327873354,0.9985963041785904
20410,9.94433343176281,10.14597,0.20163656823718945,7013.109964441592,0.9986250160228659
20263,21.054050671069096,20.85506,0.19899067106909385,7013.30895511266,0.9986533511071712
21087,0.8245914045658514,1.02205,0.19745859543414845,7013.506413708094,0.998681468033047
21111,1.2647485898996924,1.46188,0.19713141010030766,7013.703545118195,0.9987095383696833
21196,0.3894652011507972,0.1944,0.1950652011507972,7013.898610319346,0.9987373144904932
21088,0.271065242044866,0.08061,0.19045524204486597,7014.08906556139,0.9987644341806311
21048,0.2648053220343453,0.45052,0.18571467796565466,7014.274780239356,0.9987908788427281
20925,0.717149495397934,0.53211,0.18503949539793407,7014.459819734754,0.9988172273628559
20885,1.300319385791055,1.47849,0.17817061420894498,7014.637990348963,0.998842597795285
21057,0.4996552307832101,0.67593,0.17627476921678992,7014.81426511818,0.9988676982706982
20892,1.2582991308763636,1.0854,0.17289913087636366,7014.987164249056,0.9988923180753523
20906,0.8964236383214641,0.72535,0.17107363832146405,7015.158237887377,0.998916677940758
20789,1.6084233647953716,1.44643,0.16199336479537152,7015.320231252173,0.9989397448293901
20622,4.882332647279483,4.72215,0.16018264727948317,7015.480413899452,0.9989625538826513
20941,0.6615978688840907,0.82051,0.1589121311159093,7015.639326030569,0.9989851820219914
20937,0.8761640056761703,1.03081,0.15464599432382975,7015.793972024892,0.9990072026889055
21164,0.3049847498677087,0.15114,0.15384474986770869,7015.94781677476,0.9990291092633897
21035,1.9608640872529204,1.80884,0.15202408725292038,7016.0998408620135,0.9990507565863804
21024,0.5457438515913748,0.39419,0.15155385159137486,7016.251394713605,0.9990723369506184
20879,1.6112965868572806,1.46764,0.14365658685728055,7016.395051300462,0.9990927927914763
20886,1.2353185585063826,1.09253,0.1427885585063826,7016.537839858968,0.9991131250302762
20853,2.757021848890388,2.89842,0.14139815110961207,7016.679238010078,0.9991332592833583
20596,4.357235629532599,4.49828,0.1410443704674016,7016.820282380545,0.9991533431601879
21170,0.1813390359995736,0.04078,0.1405590359995736,7016.960841416545,0.9991733579282849
20761,2.615977385281535,2.47668,0.13929738528153512,7017.100138801827,0.9991931930448472
20956,0.7310471083308655,0.59267,0.13837710833086547,7017.238515910158,0.9992128971194625
20429,1.1323324181442451,0.99469,0.13764241814424516,7017.376158328302,0.9992324965785786
21099,0.3076272830299557,0.17034,0.1372872830299557,7017.513445611332,0.9992520454685733
21176,0.3073607551080499,0.44148,0.1341192448919501,7017.647564856224,0.9992711432488388
21065,0.725657339782541,0.59662,0.12903733978254095,7017.776602196006,0.9992895173961374
20627,9.471740079127162,9.34447,0.12727007912716282,7017.903872275133,0.9993076398960627
20847,1.1520667647945,1.02539,0.12667676479449996,7018.030549039928,0.9993256779115672
21131,0.2009046634264899,0.08076,0.12014466342648991,7018.150693703355,0.9993427857948098
20560,5.281576468357668,5.1622,0.11937646835766724,7018.270070171712,0.9993597842916581
21119,1.265280336858364,1.14641,0.11887033685836412,7018.38894050857,0.9993767107184004
20677,2.412051023641696,2.29468,0.11737102364169605,7018.506311532212,0.9993934236518863
20265,4.464372672519423,4.57848,0.11410732748057661,7018.620418859692,0.9994096718545112
21180,0.1328794843232983,0.02,0.1128794843232983,7018.733298344016,0.9994257452195965
21097,1.457253305150093,1.34469,0.11256330515009316,7018.845861649165,0.9994417735626537
21155,0.3474196604703439,0.23501,0.1124096604703439,7018.958271309635,0.9994577800276253
20196,35.06935625413749,35.180600000000005,0.11124374586251662,7019.0695150554975,0.9994736204733131
21201,0.2906229313114514,0.18025,0.1103729313114514,7019.179887986809,0.9994893369202046
20820,1.9748481596423528,1.86661,0.10823815964235273,7019.288126146452,0.9995047493883471
20327,11.79312558975744,11.90046,0.10733441024256152,7019.395460556694,0.9995200331679672
20401,9.27095355530378,9.16454,0.10641355530377972,7019.5018741119975,0.9995351858233382
21167,0.207877549390161,0.1055099999999999,0.10236754939016111,7019.604241661387,0.9995497623516071
20970,0.5383321729242339,0.43677,0.10156217292423386,7019.705803834311,0.9995642241990724
20674,8.486624322351496,8.38539,0.10123432235149643,7019.807038156662,0.9995786393625723
21080,0.4698528112450393,0.3766899999999999,0.09316281124503939,7019.900200967907,0.9995919051910483
21226,0.1406336140684649,0.04866,0.09197361406846488,7019.992174581976,0.9996050016849417
20449,0.9997161642994434,1.08866,0.08894383570055653,7020.081118417676,0.9996176667564723
21033,1.1808557905962371,1.267,0.08614420940376277,7020.16726262708,0.9996299331779219
20830,1.20126478467719,1.11598,0.08528478467719003,7020.252547411757,0.9996420772224182
21114,1.5783883380534798,1.49352,0.08486833805347982,7020.337415749811,0.9996541619673998
20663,0.2591416045860464,0.17495,0.08419160458604641,7020.421607354397,0.9996661503495733
21184,0.2423094333915148,0.15858,0.08372943339151481,7020.505336787788,0.9996780729213262
20749,2.8161249508299857,2.73283,0.08329495082998584,7020.5886317386185,0.9996899336253546
20946,3.060889954304189,3.14228,0.08139004569581099,7020.6700217843145,0.9997015230822575
20636,0.4419983999462515,0.37304,0.06895839994625153,7020.738980184261,0.9997113423469774
20961,0.9036342244616228,0.83519,0.0684442244616228,7020.807424408723,0.9997210883961762
21194,0.1582578423466553,0.08985,0.0684078423466553,7020.875832251069,0.9997308292647789
21118,0.3665850904936079,0.30167,0.06491509049360789,7020.940747341563,0.9997400727863568
20870,1.2615420906573132,1.32583,0.06428790934268691,7021.005035250906,0.9997492270010808
20474,9.716960403812356,9.65317,0.0637904038123569,7021.068825654718,0.9997583103739855
21267,0.0790901568274622,0.01569,0.06340015682746221,7021.132225811546,0.9997673381780481
20422,0.8645921043690787,0.92601,0.06141789563092126,7021.193643707177,0.9997760837199432
20807,2.210798896704853,2.14955,0.061248896704853006,7021.254892603882,0.9997848051973993
21157,0.22992816747668,0.16893,0.06099816747667999,7021.315890771359,0.9997934909725096
21191,0.1512081214408337,0.09023,0.0609781214408337,7021.376868892799,0.9998021738931837
20882,1.4275350798209456,1.48505,0.05751492017905435,7021.434383812978,0.999810363674661
20803,1.0752490715696927,1.01973,0.05551907156969271,7021.4899028845475,0.9998182692592044
20561,0.4287246666869155,0.37611,0.0526146666869155,7021.542517551235,0.9998257612738213
21266,0.1002971291527543,0.05121,0.049087129152754296,7021.591604680388,0.99983275098814
20985,0.794773593017776,0.7459899999999999,0.04878359301777602,7021.640388273406,0.999839697480724
20739,2.970179741112867,2.92295,0.04722974111286682,7021.687618014518,0.9998464227140677
20719,7.699788500733363,7.74604,0.04625149926663674,7021.733869513785,0.999853008651609
20443,7.956302888151541,8.00212,0.045817111848458936,7021.779686625633,0.9998595327349736
20908,2.338427906062772,2.29554,0.04288790606277226,7021.822574531696,0.9998656397169112
21265,0.0928166820465058,0.0500699999999999,0.0427466820465059,7021.865321213742,0.9998717265893915
21207,0.163383408227439,0.1208,0.04258340822743899,7021.9079046219695,0.999877790212654
20054,121.25108975823592,121.2091,0.04198975823591411,7021.9498943802055,0.9998837693036997
20840,1.6967127250383682,1.73797,0.041257274961631785,7021.991151655167,0.9998896440934976
21222,0.0615002577780065,0.02184,0.039660257778006504,7022.030811912946,0.9998952914775768
21126,0.436497379967356,0.47548,0.03898262003264402,7022.069794532978,0.9999008423700841
20823,1.8269678878912872,1.7907,0.03626788789128721,7022.106062420869,0.9999060067009317
21016,0.4893299939407789,0.45426,0.03506999394077892,7022.14113241481,0.9999110004588277
21209,0.1105484577955804,0.07853,0.03201845779558039,7022.173150872606,0.9999155596961834
21092,0.9702389444318812,0.99937,0.02913105556811879,7022.202281928175,0.9999197077846893
21252,0.1135365680202604,0.0856,0.0279365680202604,7022.2302184961945,0.999923685785295
21038,0.4631250324416888,0.4357,0.027425032441688812,7022.257643528636,0.9999275909462865
20597,0.2064550903600087,0.23346,0.027004909639991304,7022.284648438276,0.9999314362842975
21248,0.0373684565148038,0.01129,0.026078456514803797,7022.310726894791,0.999935149700911
21192,0.0380169613210965,0.0123799999999999,0.0256369613210966,7022.336363856111,0.999938800251243
21244,0.0409027074284086,0.01552,0.025382707428408598,7022.36174656354,0.9999424145973379
21190,0.1570472356454981,0.13297,0.024077235645498102,7022.385823799185,0.9999458430520398
21233,0.059441934553907,0.03557,0.023871934553907,7022.40969573374,0.9999492422730911
21028,0.567113347163985,0.54486,0.02225334716398497,7022.431949080904,0.9999524110169553
20976,0.6381031758178958,0.61586,0.02224317581789581,7022.454192256721,0.9999555783124804
21182,0.0885517118919856,0.06688,0.021671711891985607,7022.475863968613,0.999958664234952
20729,0.3812507845729238,0.3598,0.021450784572923765,7022.497314753186,0.9999617186986915
21212,0.1267955525326671,0.10563,0.02116555253266711,7022.518480305719,0.9999647325470904
21202,0.0659192961161636,0.04587,0.020049296116163594,7022.538529601835,0.9999675874472355
21200,0.1079711670416243,0.12786,0.019888832958375707,7022.558418434794,0.9999704194983844
21110,1.5055713459380131,1.52502,0.019448654061986925,7022.577867088856,0.9999731888706846
21263,0.0320669951420449,0.0127,0.019366995142044898,7022.597234083998,0.9999759466152419
21262,0.0372228840071029,0.01834,0.0188828840071029,7022.616116968005,0.999978635425262
21259,0.0326546024684398,0.01412,0.018534602468439798,7022.634651570474,0.999981274642069
20303,18.404422048932663,18.3878,0.016622048932664057,7022.651273619406,0.9999836415226634
20774,5.435526537249953,5.44871,0.013183462750046893,7022.664457082156,0.9999855187691015
21246,0.0337907227668144,0.02117,0.012620722766814398,7022.677077804923,0.9999873158847233
21218,0.0210099751589881,0.03348,0.012470024841011902,7022.689547829764,0.9999890915418597
21256,0.0251203158929028,0.0127099999999999,0.0124103158929029,7022.701958145657,0.9999908586967982
21077,0.2043661462321091,0.21584,0.011473853767890896,7022.713431999425,0.9999924925051172
21276,0.0198042870306051,0.0089199999999999,0.010884287030605198,7022.724316286455,0.9999940423626505
21224,0.084006699265877,0.07537,0.008636699265876999,7022.732952985721,0.999995272177096
21214,0.235958380184275,0.24428,0.00832161981572499,7022.741274605536,0.9999964571261077
21129,0.7916474828370075,0.7841,0.007547482837007458,7022.748822088373,0.9999975318426326
21245,0.0312051247961033,0.02403,0.007175124796103299,7022.755997213169,0.999998553537594
21055,0.4050284993835507,0.41164,0.006611500616449328,7022.762608713786,0.9999994949758351
21049,0.3047533333819984,0.3082999999999999,0.003546666618001515,7022.766155380404,1.0000000000000007
